"NUCAN";"CODE";"INSCRITS";"VOTANTS";"EXPRIMÃ‰S";"PC";"EXG";"SOC";"RDG";"DVG";"UDF";"RPR";"DVD";"FN";"ECO";"CodeDpt";"CodeCanton";"IDCanton"
"100000000020";7852;8207;5055;4861;0;0;0;0;1477;0;0;3384;0;0;"01";"02";"0102"
"100000000030";7852;9109;5612;5501;2543;0;0;0;0;0;2958;0;0;0;"01";"03";"0103"
"100000000100";7852;9532;6508;6190;0;0;3823;0;0;0;0;0;2367;0;"01";"10";"0110"
"100000000200";7852;8006;5259;5000;0;0;0;2175;0;2820;0;0;5;0;"01";"20";"0120"
"100000000220";7852;6110;3316;3210;0;0;925;0;0;0;2285;0;0;0;"01";"22";"0122"
"100000000270";7852;6333;3957;3640;0;0;0;0;0;0;1938;1702;0;0;"01";"27";"0127"
"100000000310";7852;3612;2223;2149;0;0;1255;0;0;894;0;0;0;0;"01";"31";"0131"
"100000000340";7852;7671;4812;4656;0;0;2150;0;0;0;2506;0;0;0;"01";"34";"0134"
"100000000350";7852;4325;3161;3080;0;0;0;0;1413;0;1667;0;0;0;"01";"35";"0135"
"100000000360";7852;2760;1906;1874;1022;0;0;0;0;0;852;0;0;0;"01";"36";"0136"
"100000000400";7852;9434;5619;5317;0;0;2290;0;0;0;0;3027;0;0;"01";"40";"0140"
"100000000430";7852;8074;5337;5220;0;0;0;0;2640;0;2580;0;0;0;"01";"43";"0143"
"200000000030";7852;11146;9269;8900;4564;0;0;0;0;4336;0;0;0;0;"02";"03";"0203"
"200000000080";7852;17452;11669;11317;2456;0;0;0;3493;5368;0;0;0;0;"02";"08";"0208"
"200000000090";7852;16742;10727;10146;3785;0;0;0;0;6361;0;0;0;0;"02";"09";"0209"
"200000000120";7852;3822;3078;2996;0;0;1650;0;0;0;1346;0;0;0;"02";"12";"0212"
"200000000150";7852;5931;4566;4371;2198;0;0;0;0;0;0;2173;0;0;"02";"15";"0215"
"200000000180";7852;9857;6726;6436;0;0;3163;0;0;0;3273;0;0;0;"02";"18";"0218"
"200000000190";7852;5642;4685;4508;0;0;2369;0;0;0;0;2139;0;0;"02";"19";"0219"
"200000000210";7852;5699;4277;4203;0;0;1958;0;0;0;2245;0;0;0;"02";"21";"0221"
"200000000230";7852;5218;4093;3938;0;0;1597;0;0;0;2341;0;0;0;"02";"23";"0223"
"200000000250";7852;6559;5297;5118;0;0;2290;0;0;2828;0;0;0;0;"02";"25";"0225"
"200000000280";7852;13985;9168;8651;3612;0;0;0;0;0;0;5039;0;0;"02";"28";"0228"
"200000000320";7852;6228;4724;4573;0;0;2876;0;0;0;0;1697;0;0;"02";"32";"0232"
"200000000330";7852;6477;5148;4910;2090;0;0;0;0;0;2820;0;0;0;"02";"33";"0233"
"200000000340";7852;6248;5268;5157;0;0;2788;0;0;0;0;2369;0;0;"02";"34";"0234"
"200000000390";7852;16605;11167;10534;0;0;4879;0;0;0;5655;0;0;0;"02";"39";"0239"
"300000000020";7852;5415;4444;4321;1998;0;0;0;0;0;0;2323;0;0;"03";"02";"0302"
"300000000030";7852;4231;3100;2960;1172;0;0;0;0;1788;0;0;0;0;"03";"03";"0303"
"300000000060";7852;9493;6641;6274;3135;0;0;0;0;0;3139;0;0;0;"03";"06";"0306"
"300000000070";7852;7316;5590;5485;0;0;3060;0;0;2425;0;0;0;0;"03";"07";"0307"
"300000000100";7852;13176;9379;9059;0;0;0;4427;0;0;4632;0;0;0;"03";"10";"0310"
"300000000120";7852;7557;6125;5927;2734;0;0;0;0;0;0;3193;0;0;"03";"12";"0312"
"300000000140";7852;4201;3423;3363;0;0;1871;0;0;1492;0;0;0;0;"03";"14";"0314"
"300000000180";7852;4474;3206;3138;0;0;0;0;0;0;0;3138;0;0;"03";"18";"0318"
"300000000210";7852;11303;7248;6772;3313;0;0;0;0;0;0;3459;0;0;"03";"21";"0321"
"300000000270";7852;5137;3853;3745;1695;0;0;0;0;2050;0;0;0;0;"03";"27";"0327"
"300000000330";7852;11953;8355;8071;0;0;4253;0;0;0;0;3818;0;0;"03";"33";"0333"
"300000000340";7852;8789;5882;5454;3343;0;0;0;0;2111;0;0;0;0;"03";"34";"0334"
"300000000350";7852;9424;6879;6467;3101;0;0;0;0;3366;0;0;0;0;"03";"35";"0335"
"400000000030";7852;2016;1629;1577;0;0;685;0;321;571;0;0;0;0;"04";"03";"0403"
"400000000040";7852;4035;2839;2774;0;0;722;0;0;843;0;1209;0;0;"04";"04";"0404"
"400000000050";7852;865;775;754;419;0;0;0;0;0;0;335;0;0;"04";"05";"0405"
"400000000060";7852;1502;1206;1177;0;0;584;0;0;0;0;593;0;0;"04";"06";"0406"
"400000000130";7852;7537;5589;5382;0;0;0;2871;0;0;2511;0;0;0;"04";"13";"0413"
"400000000150";7852;1130;914;891;482;0;0;0;0;0;409;0;0;0;"04";"15";"0415"
"400000000200";7852;2276;1748;1681;807;0;0;0;0;874;0;0;0;0;"04";"20";"0420"
"400000000220";7852;1116;965;947;0;0;0;0;449;498;0;0;0;0;"04";"22";"0422"
"400000000290";7852;3214;2744;2670;0;0;1310;0;0;1360;0;0;0;0;"04";"29";"0429"
"400000000300";7852;7137;5785;5549;0;0;2767;0;0;0;2782;0;0;0;"04";"30";"0430"
"400000000320";7852;4743;3614;3431;1933;0;0;0;0;1498;0;0;0;0;"04";"32";"0432"
"500000000020";7852;3737;2823;2630;0;0;0;0;0;1490;0;1140;0;0;"05";"02";"0502"
"500000000050";7852;2138;1872;1814;0;0;837;0;0;977;0;0;0;0;"05";"05";"0505"
"500000000060";7852;2836;1914;1811;0;0;648;0;0;0;1163;0;0;0;"05";"06";"0506"
"500000000070";7852;2595;2122;2074;0;0;0;1178;0;896;0;0;0;0;"05";"07";"0507"
"500000000130";7852;2422;1891;1842;0;0;1007;0;0;835;0;0;0;0;"05";"13";"0513"
"500000000180";7852;4926;3817;3691;0;0;1801;0;0;0;1890;0;0;0;"05";"18";"0518"
"500000000220";7852;1921;1643;1604;0;0;811;0;0;793;0;0;0;0;"05";"22";"0522"
"600000000080";7852;1535;1270;1243;0;0;621;0;0;0;0;622;0;0;"06";"08";"0608"
"600000000090";7852;5695;4435;4243;2186;0;0;0;0;0;0;2057;0;0;"06";"09";"0609"
"600000000100";7852;12419;8584;8135;3060;0;0;0;0;5075;0;0;0;0;"06";"10";"0610"
"600000000120";7852;9055;7113;6816;1944;0;0;0;0;0;0;3943;929;0;"06";"12";"0612"
"600000000160";7852;20227;12155;11654;0;0;4756;0;0;6898;0;0;0;0;"06";"16";"0616"
"600000000180";7852;2398;1972;1857;1007;0;850;0;0;0;0;0;0;0;"06";"18";"0618"
"600000000230";7852;1549;1078;720;0;0;0;0;0;0;0;720;0;0;"06";"23";"0623"
"600000000250";7852;8523;5248;4576;0;0;0;0;0;3328;0;0;1248;0;"06";"25";"0625"
"600000000270";7852;2169;1736;1656;0;0;737;0;0;919;0;0;0;0;"06";"27";"0627"
"600000000290";7852;2170;1710;1622;585;0;0;0;0;0;0;1037;0;0;"06";"29";"0629"
"600000000300";7852;16634;10413;9543;0;0;0;0;0;0;4776;2917;1850;0;"06";"30";"0630"
"600000000350";7852;20214;12294;10432;0;0;0;0;0;0;0;6732;3700;0;"06";"35";"0635"
"600000000360";7852;19196;11754;10203;0;0;0;0;0;5791;0;0;4412;0;"06";"36";"0636"
"600000000380";7852;16705;9793;9473;0;0;2528;0;0;0;0;6945;0;0;"06";"38";"0638"
"600000000410";7852;19330;11343;11098;0;0;3649;0;0;5767;0;0;1682;0;"06";"41";"0641"
"600000000420";7852;13139;8269;7932;2890;0;0;0;0;0;0;5042;0;0;"06";"42";"0642"
"600000000440";7852;15864;9266;9041;0;0;2951;0;0;3712;0;0;2378;0;"06";"44";"0644"
"600000000470";7852;17660;9837;9001;0;0;0;0;0;5971;0;0;3030;0;"06";"47";"0647"
"600000000480";7852;14475;8671;8195;0;0;0;0;0;0;0;5219;2976;0;"06";"48";"0648"
"600000000490";7852;20782;12069;10705;0;0;0;0;0;0;6193;0;4512;0;"06";"49";"0649"
"600000000500";7852;6452;4582;4409;0;0;2596;0;0;1222;0;0;591;0;"06";"50";"0650"
"600000000510";7852;13504;7573;6414;0;0;0;0;0;4532;0;0;1882;0;"06";"51";"0651"
"700000000010";7852;11440;7215;6987;0;0;2814;0;0;4173;0;0;0;0;"07";"01";"0701"
"700000000020";7852;2591;2031;1933;0;0;1035;0;0;0;0;898;0;0;"07";"02";"0702"
"700000000090";7852;6269;4720;4586;0;0;2100;0;0;0;0;2486;0;0;"07";"09";"0709"
"700000000120";7852;2058;1708;1653;0;0;0;0;793;0;860;0;0;0;"07";"12";"0712"
"700000000200";7852;3084;2539;2415;0;0;1181;0;0;0;1234;0;0;0;"07";"20";"0720"
"700000000270";7852;6292;4563;4429;1985;0;0;0;0;0;0;2444;0;0;"07";"27";"0727"
"700000000300";7852;9132;6888;6651;0;0;3130;0;0;0;0;3521;0;0;"07";"30";"0730"
"700000000310";7852;8866;6466;6178;0;0;3423;0;0;2755;0;0;0;0;"07";"31";"0731"
"800000000100";7852;4835;3806;3658;0;0;1823;0;0;0;1835;0;0;0;"08";"10";"0810"
"800000000160";7852;9471;6548;6293;3613;0;0;0;0;0;2680;0;0;0;"08";"16";"0816"
"800000000170";7852;2272;1684;1580;0;0;350;0;0;759;0;471;0;0;"08";"17";"0817"
"800000000200";7852;1585;913;730;0;0;0;0;0;730;0;0;0;0;"08";"20";"0820"
"800000000210";7852;3041;2446;2273;0;0;1018;0;0;0;0;1255;0;0;"08";"21";"0821"
"800000000220";7852;4413;3473;3389;0;0;1655;0;0;0;1734;0;0;0;"08";"22";"0822"
"800000000250";7852;3543;2898;2808;0;0;1488;0;0;1320;0;0;0;0;"08";"25";"0825"
"800000000260";7852;7413;4452;4252;0;0;1808;0;0;0;2444;0;0;0;"08";"26";"0826"
"800000000270";7852;9210;5844;5565;0;0;2160;0;0;0;0;3405;0;0;"08";"27";"0827"
"800000000300";7852;1090;880;838;0;0;0;0;0;554;0;284;0;0;"08";"30";"0830"
"800000000310";7852;4750;3724;3592;0;0;1380;0;0;0;0;2212;0;0;"08";"31";"0831"
"800000000340";7852;6131;4169;3996;0;0;2660;0;0;0;1336;0;0;0;"08";"34";"0834"
"900000000060";7852;4205;3030;2863;0;0;1638;0;0;0;0;1225;0;0;"09";"06";"0906"
"900000000070";7852;11045;6652;6190;0;0;3378;0;0;2812;0;0;0;0;"09";"07";"0907"
"900000000080";7852;3672;2531;2344;0;0;2344;0;0;0;0;0;0;0;"09";"08";"0908"
"900000000120";7852;7498;5327;5093;2535;0;0;0;0;0;0;2558;0;0;"09";"12";"0912"
"900000000150";7852;9042;6544;6303;0;0;3477;0;0;2826;0;0;0;0;"09";"15";"0915"
"900000000180";7852;6738;4689;4491;0;0;2460;0;0;0;2031;0;0;0;"09";"18";"0918"
"900000000210";7852;6541;4043;3873;0;0;2128;0;1745;0;0;0;0;0;"09";"21";"0921"
"900000000220";7852;7566;5193;5028;0;0;2832;0;0;0;2196;0;0;0;"09";"22";"0922"
"1000000000020";7852;6234;4185;4028;0;0;753;0;0;0;1268;2007;0;0;"10";"02";"1002"
"1000000000050";7852;6130;4092;3886;0;0;1457;0;0;2429;0;0;0;0;"10";"05";"1005"
"1000000000060";7852;5765;4525;4399;2219;0;0;0;0;2180;0;0;0;0;"10";"06";"1006"
"1000000000110";7852;3559;2644;2579;0;0;1128;0;0;0;0;1451;0;0;"10";"11";"1011"
"1000000000150";7852;2905;2208;2121;0;0;1029;0;0;1092;0;0;0;0;"10";"15";"1015"
"1000000000200";7852;6686;4589;4392;1863;0;0;0;0;2529;0;0;0;0;"10";"20";"1020"
"1000000000210";7852;2085;1531;1446;0;0;0;0;840;0;0;606;0;0;"10";"21";"1021"
"1000000000260";7852;2233;1714;1657;0;0;927;0;0;0;0;730;0;0;"10";"26";"1026"
"1000000000270";7852;8490;5437;5177;2964;0;0;0;0;0;2213;0;0;0;"10";"27";"1027"
"1000000000320";7852;9435;5521;5386;0;0;2184;0;0;0;3202;0;0;0;"10";"32";"1032"
"1000000000330";7852;7205;3605;3434;0;0;1529;0;0;1905;0;0;0;0;"10";"33";"1033"
"1100000000020";7852;5005;4318;4161;0;0;2299;0;0;0;0;1862;0;0;"11";"02";"1102"
"1100000000030";7852;1892;1025;806;0;0;806;0;0;0;0;0;0;0;"11";"03";"1103"
"1100000000070";7852;9888;7118;6673;0;0;3722;0;0;0;2951;0;0;0;"11";"07";"1107"
"1100000000090";7852;6006;5050;4905;0;0;2663;0;0;0;2242;0;0;0;"11";"09";"1109"
"1100000000140";7852;11292;9044;8780;3649;0;3762;0;0;0;1369;0;0;0;"11";"14";"1114"
"1100000000180";7852;2679;2063;1954;0;0;1226;0;0;0;0;728;0;0;"11";"18";"1118"
"1100000000190";7852;12682;9905;9145;0;0;5315;0;0;0;3830;0;0;0;"11";"19";"1119"
"1100000000240";7852;11230;7316;6803;0;0;2734;0;0;0;0;4069;0;0;"11";"24";"1124"
"1100000000250";7852;9526;6923;6485;0;0;4028;0;0;0;2457;0;0;0;"11";"25";"1125"
"1100000000310";7852;1785;1440;1356;0;0;723;0;633;0;0;0;0;0;"11";"31";"1131"
"1200000000050";7852;1674;1436;1403;0;0;0;0;0;0;0;668;0;735;"12";"05";"1205"
"1200000000130";7852;2774;2108;2024;0;0;0;0;0;869;0;1155;0;0;"12";"13";"1213"
"1200000000150";7852;3342;2770;2694;0;0;0;0;0;0;0;2694;0;0;"12";"15";"1215"
"1200000000160";7852;6233;4602;4495;0;0;676;0;0;0;0;3819;0;0;"12";"16";"1216"
"1200000000440";7852;11672;8745;8352;0;0;4152;0;0;0;4200;0;0;0;"12";"44";"1244"
"1300000000020";7852;27626;17468;17077;0;0;6954;0;0;6928;0;0;3195;0;"13";"02";"1302"
"1300000000040";7852;15050;10587;10107;5521;0;0;0;0;0;4586;0;0;0;"13";"04";"1304"
"1300000000060";7852;25483;16095;15291;7504;0;0;0;0;0;7781;0;6;0;"13";"06";"1306"
"1300000000080";7852;35372;25090;24276;8619;0;0;0;0;0;7918;0;7739;0;"13";"08";"1308"
"1300000000090";7852;10259;7558;7142;0;0;4041;0;0;3033;0;0;68;0;"13";"09";"1309"
"1300000000120";7852;11391;8959;8574;0;0;0;0;4580;3955;0;0;39;0;"13";"12";"1312"
"1300000000140";7852;29299;13027;11772;0;0;0;0;0;0;5729;0;6043;0;"13";"14";"1314"
"1300000000180";7852;19805;10682;10327;0;0;3669;0;0;6643;0;0;15;0;"13";"18";"1318"
"1300000000190";7852;22284;12531;12102;0;0;4157;0;0;7942;0;0;3;0;"13";"19";"1319"
"1300000000210";7852;15948;8834;8351;0;0;4357;0;0;0;0;0;3994;0;"13";"21";"1321"
"1300000000220";7852;21618;12762;12456;0;0;4650;0;0;4557;0;0;3249;0;"13";"22";"1322"
"1300000000230";7852;28485;15236;14476;0;0;6588;0;0;0;7876;0;12;0;"13";"23";"1323"
"1300000000310";7852;9592;7504;7261;0;0;0;0;3479;3782;0;0;0;0;"13";"31";"1331"
"1300000000330";7852;9876;7567;7347;0;0;3408;0;0;0;0;3305;634;0;"13";"33";"1333"
"1300000000340";7852;12391;9705;9429;0;0;5032;0;0;4347;0;0;50;0;"13";"34";"1334"
"1300000000350";7852;17481;13180;12333;0;0;5623;0;0;0;6646;0;64;0;"13";"35";"1335"
"1300000000360";7852;43285;30548;29631;0;0;14554;0;0;0;0;15077;0;0;"13";"36";"1336"
"1300000000410";7852;31367;18631;17502;0;0;9411;0;0;0;0;0;8091;0;"13";"41";"1341"
"1300000000430";7852;32704;17923;17272;0;0;8080;0;0;9189;0;0;3;0;"13";"43";"1343"
"1300000000450";7852;14963;8611;8427;3702;0;0;0;0;0;1912;0;2813;0;"13";"45";"1345"
"1300000000460";7852;30084;16753;16200;0;0;5047;0;0;11143;0;0;10;0;"13";"46";"1346"
"1400000000040";7852;5452;3855;3643;0;0;0;0;1338;2305;0;0;0;0;"14";"04";"1404"
"1400000000060";7852;9983;7458;7228;0;0;3367;0;0;3861;0;0;0;0;"14";"06";"1406"
"1400000000070";7852;8285;6206;5996;0;0;2907;0;0;0;3089;0;0;0;"14";"07";"1407"
"1400000000120";7852;6804;4564;4368;0;0;1720;0;0;0;0;2648;0;0;"14";"12";"1412"
"1400000000220";7852;7946;5084;4842;0;0;2178;0;0;2664;0;0;0;0;"14";"22";"1422"
"1400000000230";7852;4798;3625;3494;0;0;0;0;0;0;0;3494;0;0;"14";"23";"1423"
"1400000000270";7852;5752;3762;3451;0;0;0;0;0;1768;0;1683;0;0;"14";"27";"1427"
"1400000000400";7852;7788;4446;4304;0;0;2119;0;0;0;2185;0;0;0;"14";"40";"1440"
"1400000000410";7852;8221;4137;3918;0;0;2430;0;0;1488;0;0;0;0;"14";"41";"1441"
"1400000000460";7852;11534;6561;6304;0;0;3283;0;0;0;3021;0;0;0;"14";"46";"1446"
"1500000000020";7852;5811;4404;4227;0;0;2186;0;0;0;2041;0;0;0;"15";"02";"1502"
"1500000000100";7852;5921;4864;4742;2242;0;0;0;0;0;0;2500;0;0;"15";"10";"1510"
"1500000000260";7852;5136;4264;4112;0;0;1615;0;0;0;0;2497;0;0;"15";"26";"1526"
"1600000000020";7852;7995;4777;4606;0;0;2155;0;0;0;2451;0;0;0;"16";"02";"1602"
"1600000000030";7852;9527;5702;5481;0;0;2831;0;0;2650;0;0;0;0;"16";"03";"1603"
"1600000000140";7852;3928;3253;3118;0;0;1516;0;0;0;0;1602;0;0;"16";"14";"1614"
"1600000000150";7852;5705;4632;4478;1980;0;0;0;0;0;0;2498;0;0;"16";"15";"1615"
"1600000000160";7852;7123;4961;4799;0;0;0;2290;0;0;2509;0;0;0;"16";"16";"1616"
"1600000000170";7852;8765;5807;5597;0;0;2227;0;0;3370;0;0;0;0;"16";"17";"1617"
"1600000000260";7852;8897;6651;6421;3265;0;0;0;0;0;0;3156;0;0;"16";"26";"1626"
"1600000000270";7852;9339;6464;6280;0;0;1456;0;0;2183;0;2641;0;0;"16";"27";"1627"
"1600000000340";7852;10337;6536;6296;0;0;3083;0;0;0;0;3213;0;0;"16";"34";"1634"
"1700000000010";7852;6400;3905;3739;0;0;0;0;2141;1598;0;0;0;0;"17";"01";"1701"
"1700000000020";7852;5023;2920;2811;0;0;1519;0;0;0;0;1292;0;0;"17";"02";"1702"
"1700000000050";7852;4548;3336;3193;0;0;1703;0;0;0;0;1490;0;0;"17";"05";"1705"
"1700000000120";7852;4304;3204;3117;0;0;1639;0;0;0;0;1478;0;0;"17";"12";"1712"
"1700000000130";7852;6191;4127;3950;0;0;0;1790;0;0;0;2160;0;0;"17";"13";"1713"
"1700000000140";7852;8591;5399;5081;0;0;0;1930;0;0;0;3151;0;0;"17";"14";"1714"
"1700000000170";7852;4832;3531;3383;0;0;1591;0;0;0;0;1792;0;0;"17";"17";"1717"
"1700000000210";7852;7484;4795;4627;0;0;2039;0;0;0;2588;0;0;0;"17";"21";"1721"
"1700000000220";7852;7224;3729;3592;0;0;1268;0;0;0;0;2324;0;0;"17";"22";"1722"
"1700000000230";7852;6435;3750;3581;0;0;0;1943;0;0;1638;0;0;0;"17";"23";"1723"
"1700000000240";7852;5310;2921;2777;0;0;1476;0;0;0;1301;0;0;0;"17";"24";"1724"
"1700000000250";7852;12424;7314;6840;0;0;2360;0;0;4480;0;0;0;0;"17";"25";"1725"
"1700000000290";7852;12323;8591;8270;0;0;3886;0;0;0;4384;0;0;0;"17";"29";"1729"
"1700000000300";7852;6234;4566;4450;0;0;0;1498;0;0;1915;1037;0;0;"17";"30";"1730"
"1700000000310";7852;7707;5758;5414;0;0;2386;0;0;0;0;3028;0;0;"17";"31";"1731"
"1700000000350";7852;9411;6331;6132;0;0;2945;0;0;3187;0;0;0;0;"17";"35";"1735"
"1700000000360";7852;9694;7145;6904;0;0;3031;0;0;0;3873;0;0;0;"17";"36";"1736"
"1700000000380";7852;2436;1946;1913;0;0;0;903;0;1010;0;0;0;0;"17";"38";"1738"
"1700000000410";7852;6081;3294;3152;0;0;0;1516;0;0;1636;0;0;0;"17";"41";"1741"
"1700000000440";7852;8765;5755;5541;0;0;0;2622;0;0;2919;0;0;0;"17";"44";"1744"
"1700000000450";7852;6888;3903;3773;0;0;1808;0;0;0;1965;0;0;0;"17";"45";"1745"
"1700000000490";7852;5963;3759;3620;0;0;0;1941;0;1679;0;0;0;0;"17";"49";"1749"
"1700000000510";7852;9556;6558;6288;0;0;3081;0;0;3207;0;0;0;0;"17";"51";"1751"
"1800000000060";7852;2242;1688;1529;0;0;0;0;0;541;0;988;0;0;"18";"06";"1806"
"1800000000070";7852;3097;2148;2038;915;0;0;0;0;0;1123;0;0;0;"18";"07";"1807"
"1800000000080";7852;9654;6882;6655;3374;0;0;0;0;0;3281;0;0;0;"18";"08";"1808"
"1800000000170";7852;5682;4094;3917;1708;0;0;0;0;0;0;2209;0;0;"18";"17";"1817"
"1800000000180";7852;3572;2849;2794;972;0;0;0;0;0;772;1050;0;0;"18";"18";"1818"
"1800000000280";7852;3275;2456;2376;0;0;1205;0;0;0;0;1171;0;0;"18";"28";"1828"
"1800000000290";7852;12938;7879;7546;4319;0;0;0;0;0;3227;0;0;0;"18";"29";"1829"
"1800000000300";7852;14577;9300;8843;4562;0;0;0;0;4281;0;0;0;0;"18";"30";"1830"
"1800000000330";7852;10832;6533;6307;2581;0;0;0;0;3726;0;0;0;0;"18";"33";"1833"
"1800000000340";7852;7474;4435;4361;2126;0;0;0;0;2235;0;0;0;0;"18";"34";"1834"
"1900000000120";7852;4238;3743;3645;1848;0;0;0;0;0;1797;0;0;0;"19";"12";"1912"
"1900000000130";7852;1970;1795;1775;0;0;889;0;0;0;886;0;0;0;"19";"13";"1913"
"1900000000140";7852;5961;4841;4611;2173;0;0;0;0;0;0;2438;0;0;"19";"14";"1914"
"1900000000200";7852;3093;2720;2651;1287;0;0;0;0;0;0;1364;0;0;"19";"20";"1920"
"1900000000280";7852;6441;5681;5524;2579;0;0;0;0;0;2945;0;0;0;"19";"28";"1928"
"1900000000320";7852;6994;4896;4619;0;0;2352;0;0;0;2267;0;0;0;"19";"32";"1932"
"1900000000340";7852;8073;6320;6038;0;0;3019;0;0;0;0;3019;0;0;"19";"34";"1934"
"2000000000010";7852;4744;2434;2108;0;0;0;0;0;0;0;1659;449;0;"20";"01";"2001"
"2000000000020";7852;2808;2467;2417;0;0;0;0;1251;1166;0;0;0;0;"20";"02";"2002"
"2000000000070";7852;1866;1672;1672;0;0;0;0;828;844;0;0;0;0;"20";"07";"2007"
"2000000000300";7852;4224;3768;3733;0;0;0;2012;0;0;1721;0;0;0;"20";"30";"2030"
"2000000000350";7852;4079;3018;2985;0;0;0;1730;0;0;0;1255;0;0;"20";"35";"2035"
"2000000000640";7852;4181;2831;2661;0;0;0;0;885;0;0;1776;0;0;"20";"64";"2064"
"2000000000650";7852;3165;2293;2140;0;0;859;0;0;1281;0;0;0;0;"20";"65";"2065"
"2000000000660";7852;4196;3169;3012;1675;0;0;0;0;1337;0;0;0;0;"20";"66";"2066"
"2100000000020";7852;4623;3469;3385;0;0;0;0;1903;0;1482;0;0;0;"21";"02";"2102"
"2100000000030";7852;7982;6042;5868;0;0;0;2979;0;0;2889;0;0;0;"21";"03";"2103"
"2100000000050";7852;10068;5409;5199;0;0;1541;0;0;3658;0;0;0;0;"21";"05";"2105"
"2100000000070";7852;2401;1830;1773;0;0;0;0;792;0;0;981;0;0;"21";"07";"2107"
"2100000000120";7852;12768;7344;7192;0;0;3805;0;0;0;3387;0;0;0;"21";"12";"2112"
"2100000000150";7852;8947;6664;6525;0;0;3327;0;0;0;0;3198;0;0;"21";"15";"2115"
"2100000000160";7852;1047;855;822;0;0;401;0;0;2;419;0;0;0;"21";"16";"2116"
"2100000000170";7852;7435;4955;4752;0;0;2135;0;0;0;2617;0;0;0;"21";"17";"2117"
"2100000000200";7852;5208;3990;3877;0;0;1814;0;0;0;0;2063;0;0;"21";"20";"2120"
"2100000000210";7852;9062;6947;6728;3278;0;0;0;0;0;3450;0;0;0;"21";"21";"2121"
"2100000000220";7852;2321;1750;1728;0;0;0;0;824;0;0;904;0;0;"21";"22";"2122"
"2100000000250";7852;5179;3788;3680;0;0;0;0;1729;0;1951;0;0;0;"21";"25";"2125"
"2100000000290";7852;7197;5042;4916;0;0;2906;0;0;0;2010;0;0;0;"21";"29";"2129"
"2100000000300";7852;2450;1733;1624;0;0;0;0;0;895;0;729;0;0;"21";"30";"2130"
"2100000000390";7852;15402;8193;8010;0;0;3034;0;0;0;4976;0;0;0;"21";"39";"2139"
"2200000000020";7852;4898;4178;4027;1738;0;0;0;0;2289;0;0;0;0;"22";"02";"2202"
"2200000000030";7852;3824;3272;3194;1570;0;0;0;0;1624;0;0;0;0;"22";"03";"2203"
"2200000000080";7852;6721;6061;5999;0;0;3099;0;0;0;2900;0;0;0;"22";"08";"2208"
"2200000000120";7852;15127;11406;11100;0;0;5454;0;0;5646;0;0;0;0;"22";"12";"2212"
"2200000000220";7852;10366;8243;8081;0;0;4420;0;0;0;0;3661;0;0;"22";"22";"2222"
"2200000000230";7852;4675;4063;4000;2066;0;0;0;0;0;1934;0;0;0;"22";"23";"2223"
"2200000000260";7852;8118;6988;6889;0;0;3616;0;0;0;3273;0;0;0;"22";"26";"2226"
"2200000000280";7852;14856;10930;10719;0;0;5427;0;0;0;0;5292;0;0;"22";"28";"2228"
"2200000000290";7852;18030;13330;12972;0;0;6077;0;0;0;0;6895;0;0;"22";"29";"2229"
"2200000000330";7852;7191;6248;6074;3075;0;0;0;0;0;2999;0;0;0;"22";"33";"2233"
"2200000000370";7852;6668;5507;5415;0;0;2916;0;0;2499;0;0;0;0;"22";"37";"2237"
"2200000000390";7852;5407;4399;4293;0;0;2254;0;0;0;2039;0;0;0;"22";"39";"2239"
"2200000000400";7852;5282;4731;4663;0;0;2349;0;0;2314;0;0;0;0;"22";"40";"2240"
"2200000000430";7852;7829;6767;6613;0;0;3232;0;0;3381;0;0;0;0;"22";"43";"2243"
"2200000000460";7852;4048;3487;3368;1622;0;0;0;0;0;0;1746;0;0;"22";"46";"2246"
"2200000000490";7852;12375;9757;9423;0;0;5140;0;0;0;4283;0;0;0;"22";"49";"2249"
"2200000000500";7852;12060;8913;8504;3735;0;0;0;0;0;0;4769;0;0;"22";"50";"2250"
"2200000000520";7852;11353;7750;7446;0;0;3656;0;0;0;3790;0;0;0;"22";"52";"2252"
"2300000000060";7852;5503;4387;4305;0;0;1936;0;0;0;0;2369;0;0;"23";"06";"2306"
"2300000000070";7852;5678;4481;4338;0;0;2201;0;0;0;2137;0;0;0;"23";"07";"2307"
"2300000000090";7852;3709;2926;2876;1501;0;0;0;0;0;0;1375;0;0;"23";"09";"2309"
"2300000000100";7852;4032;3128;3062;0;0;1525;0;0;0;0;1537;0;0;"23";"10";"2310"
"2300000000230";7852;2084;1841;1825;0;0;956;0;0;0;0;869;0;0;"23";"23";"2323"
"2300000000260";7852;4703;3447;3284;0;0;1556;0;0;0;0;1728;0;0;"23";"26";"2326"
"2400000000010";7852;2948;2439;2296;0;0;1326;0;0;0;0;970;0;0;"24";"01";"2401"
"2400000000030";7852;14812;11510;10977;0;0;5523;0;0;0;0;5454;0;0;"24";"03";"2403"
"2400000000040";7852;5277;4220;4058;0;0;0;2164;0;0;1894;0;0;0;"24";"04";"2404"
"2400000000060";7852;3613;3027;2872;0;0;1669;0;0;0;0;1203;0;0;"24";"06";"2406"
"2400000000130";7852;3832;3366;3298;0;0;0;1769;0;0;1529;0;0;0;"24";"13";"2413"
"2400000000150";7852;4809;4236;4118;2024;0;0;0;0;0;2094;0;0;0;"24";"15";"2415"
"2400000000160";7852;7223;5671;5456;0;0;2787;0;0;2669;0;0;0;0;"24";"16";"2416"
"2400000000170";7852;6536;5418;5182;0;0;2653;0;2516;0;13;0;0;0;"24";"17";"2417"
"2400000000180";7852;5400;4453;4280;1954;0;0;0;0;2326;0;0;0;0;"24";"18";"2418"
"2400000000210";7852;3822;3221;3128;0;0;1556;0;0;0;0;1572;0;0;"24";"21";"2421"
"2400000000220";7852;6419;5510;5369;0;0;2835;0;0;0;2534;0;0;0;"24";"22";"2422"
"2400000000260";7852;7731;6610;6436;3680;0;0;0;0;0;0;2756;0;0;"24";"26";"2426"
"2400000000350";7852;2946;2544;2432;0;0;1244;0;0;0;0;1188;0;0;"24";"35";"2435"
"2400000000360";7852;10897;8635;8320;4282;0;0;0;0;0;4038;0;0;0;"24";"36";"2436"
"2400000000370";7852;6113;4814;4642;0;0;2711;0;0;0;0;1931;0;0;"24";"37";"2437"
"2400000000380";7852;6137;4475;4279;0;0;2544;0;0;1735;0;0;0;0;"24";"38";"2438"
"2400000000430";7852;4132;3575;3517;0;0;1698;0;0;0;0;1819;0;0;"24";"43";"2443"
"2400000000440";7852;4299;3623;3523;0;0;0;1718;0;0;0;1805;0;0;"24";"44";"2444"
"2400000000480";7852;10316;8071;7641;0;0;4092;0;0;0;3549;0;0;0;"24";"48";"2448"
"2400000000490";7852;11579;8734;8294;3701;0;0;0;0;0;4593;0;0;0;"24";"49";"2449"
"2400000000500";7852;14169;10080;9476;0;0;4924;0;0;4552;0;0;0;0;"24";"50";"2450"
"2500000000140";7852;15750;9672;9276;0;0;4068;0;0;0;5208;0;0;0;"25";"14";"2514"
"2500000000150";7852;3847;3111;2931;0;0;0;0;0;1470;0;1461;0;0;"25";"15";"2515"
"2500000000160";7852;10987;8009;7816;0;0;3606;0;0;0;4210;0;0;0;"25";"16";"2516"
"2500000000180";7852;7175;5802;5647;0;0;3113;0;0;0;2534;0;0;0;"25";"18";"2518"
"2500000000190";7852;4794;4001;3905;0;0;0;0;0;0;2007;1898;0;0;"25";"19";"2519"
"2500000000200";7852;17887;11463;10948;0;0;0;4099;0;6849;0;0;0;0;"25";"20";"2520"
"2500000000210";7852;9230;7066;6859;0;0;3465;0;0;0;3394;0;0;0;"25";"21";"2521"
"2500000000230";7852;3091;2553;2447;0;0;1262;0;0;1185;0;0;0;0;"25";"23";"2523"
"2500000000250";7852;4004;3250;3111;0;0;1159;0;0;0;0;1952;0;0;"25";"25";"2525"
"2500000000290";7852;12365;6933;6705;0;0;3102;0;0;3603;0;0;0;0;"25";"29";"2529"
"2500000000300";7852;11814;7955;7565;0;0;3759;0;0;0;3806;0;0;0;"25";"30";"2530"
"2500000000320";7852;7626;4188;4055;0;0;1858;0;0;0;2197;0;0;0;"25";"32";"2532"
"2600000000040";7852;10149;6819;6589;0;0;0;0;3545;3044;0;0;0;0;"26";"04";"2604"
"2600000000060";7852;1672;1230;1210;0;0;499;0;488;0;223;0;0;0;"26";"06";"2606"
"2600000000090";7852;4203;2958;2840;1735;0;0;0;0;1105;0;0;0;0;"26";"09";"2609"
"2600000000120";7852;4457;3388;3240;1447;0;0;0;0;1793;0;0;0;0;"26";"12";"2612"
"2600000000160";7852;10309;7397;7164;0;0;3569;0;0;3595;0;0;0;0;"26";"16";"2616"
"2600000000170";7852;1021;776;749;0;0;460;0;0;0;289;0;0;0;"26";"17";"2617"
"2600000000180";7852;8679;6473;6126;0;0;3185;0;0;0;2941;0;0;0;"26";"18";"2618"
"2600000000280";7852;10995;8130;7958;0;0;4770;0;0;0;0;3188;0;0;"26";"28";"2628"
"2600000000300";7852;10037;6625;6420;0;0;3092;0;0;0;3328;0;0;0;"26";"30";"2630"
"2600000000310";7852;8530;5570;5337;0;0;2822;0;0;2515;0;0;0;0;"26";"31";"2631"
"2600000000320";7852;12564;8604;8299;0;0;4383;0;0;0;3916;0;0;0;"26";"32";"2632"
"2600000000330";7852;12991;9558;9184;0;0;4504;0;0;4680;0;0;0;0;"26";"33";"2633"
"2600000000360";7852;8241;5225;4987;0;0;2533;0;0;0;2454;0;0;0;"26";"36";"2636"
"2700000000020";7852;10443;7498;7269;0;0;1446;0;0;0;3665;2158;0;0;"27";"02";"2702"
"2700000000030";7852;3301;2420;2342;0;0;0;866;0;1476;0;0;0;0;"27";"03";"2703"
"2700000000060";7852;5612;4010;3754;0;0;0;0;0;1697;0;2057;0;0;"27";"06";"2706"
"2700000000080";7852;5752;4341;4253;0;0;2223;0;0;2030;0;0;0;0;"27";"08";"2708"
"2700000000110";7852;8335;6142;6004;0;0;0;2992;0;0;3012;0;0;0;"27";"11";"2711"
"2700000000140";7852;7921;6053;5934;0;0;3048;0;0;0;2886;0;0;0;"27";"14";"2714"
"2700000000150";7852;6059;4324;3904;0;0;0;0;0;2223;0;1681;0;0;"27";"15";"2715"
"2700000000160";7852;13162;8287;7969;3320;0;0;0;0;4649;0;0;0;0;"27";"16";"2716"
"2700000000190";7852;4864;3346;3200;0;0;1699;0;0;1501;0;0;0;0;"27";"19";"2719"
"2700000000210";7852;8881;5814;5674;0;0;2967;0;0;0;0;2707;0;0;"27";"21";"2721"
"2700000000230";7852;4606;3476;3402;2076;0;0;0;0;1326;0;0;0;0;"27";"23";"2723"
"2700000000250";7852;6017;4150;4040;0;0;0;2060;0;1976;0;0;4;0;"27";"25";"2725"
"2700000000280";7852;7958;5718;5478;0;0;2684;0;0;0;0;2794;0;0;"27";"28";"2728"
"2700000000380";7852;11266;6941;6667;0;0;2643;0;0;0;4024;0;0;0;"27";"38";"2738"
"2700000000410";7852;7229;4758;4557;0;0;2178;0;0;2379;0;0;0;0;"27";"41";"2741"
"2700000000420";7852;7092;4875;4682;0;0;0;0;2206;2476;0;0;0;0;"27";"42";"2742"
"2800000000060";7852;6913;5348;5243;0;0;0;2659;0;0;0;2584;0;0;"28";"06";"2806"
"2800000000070";7852;10046;6490;6245;0;0;2597;0;0;0;3648;0;0;0;"28";"07";"2807"
"2800000000150";7852;6395;4693;4573;0;0;0;0;2804;1769;0;0;0;0;"28";"15";"2815"
"2800000000160";7852;6273;4890;4725;0;0;2421;0;0;2304;0;0;0;0;"28";"16";"2816"
"2800000000180";7852;16183;10776;10475;0;0;5069;0;0;5406;0;0;0;0;"28";"18";"2818"
"2800000000200";7852;11255;9066;8824;0;0;0;4239;0;0;4585;0;0;0;"28";"20";"2820"
"2800000000210";7852;4099;3449;3368;0;0;1755;0;0;0;0;1613;0;0;"28";"21";"2821"
"2800000000260";7852;15819;9912;9602;0;0;3015;0;0;0;0;6587;0;0;"28";"26";"2826"
"2800000000280";7852;11013;6693;6456;0;0;3870;0;0;2586;0;0;0;0;"28";"28";"2828"
"2800000000300";7852;10613;6444;6227;0;0;3697;0;0;0;2530;0;0;0;"28";"30";"2830"
"2900000000010";7852;3527;3026;2979;0;0;1586;0;0;1393;0;0;0;0;"29";"01";"2901"
"2900000000020";7852;6914;5205;5080;0;0;2929;0;0;0;2151;0;0;0;"29";"02";"2902"
"2900000000030";7852;16139;10456;10214;0;0;4900;0;0;0;5314;0;0;0;"29";"03";"2903"
"2900000000040";7852;14340;8354;8216;0;0;4126;0;0;0;4090;0;0;0;"29";"04";"2904"
"2900000000070";7852;12912;9941;9372;4032;0;0;0;0;0;0;5340;0;0;"29";"07";"2907"
"2900000000100";7852;18796;13090;12689;0;0;6491;0;0;0;0;6198;0;0;"29";"10";"2910"
"2900000000110";7852;12964;9423;9275;0;0;4473;0;0;0;4802;0;0;0;"29";"11";"2911"
"2900000000150";7852;13375;9625;9231;0;0;3749;0;0;5482;0;0;0;0;"29";"15";"2915"
"2900000000190";7852;9439;7232;7043;0;0;4224;0;0;2819;0;0;0;0;"29";"19";"2919"
"2900000000200";7852;11201;5399;4144;0;0;0;0;0;4144;0;0;0;0;"29";"20";"2920"
"2900000000250";7852;7161;5438;5323;0;0;2084;0;0;0;3239;0;0;0;"29";"25";"2925"
"2900000000270";7852;10932;8370;7917;0;0;0;0;0;3856;0;4061;0;0;"29";"27";"2927"
"2900000000330";7852;17112;11838;11533;0;0;5048;0;0;6485;0;0;0;0;"29";"33";"2933"
"2900000000370";7852;9428;7599;7394;0;0;4138;0;0;0;3256;0;0;0;"29";"37";"2937"
"2900000000380";7852;15691;11852;11720;0;0;1709;0;0;4932;0;5079;0;0;"29";"38";"2938"
"2900000000440";7852;17807;10496;10256;0;0;4763;0;0;5493;0;0;0;0;"29";"44";"2944"
"2900000000460";7852;12891;7289;7078;0;0;3704;0;0;3374;0;0;0;0;"29";"46";"2946"
"2900000000470";7852;15239;10044;9738;0;0;4218;0;0;0;5520;0;0;0;"29";"47";"2947"
"2900000000490";7852;16018;11632;11238;0;0;4876;0;0;0;0;6362;0;0;"29";"49";"2949"
"2900000000500";7852;11748;6450;6312;0;0;3186;0;0;3126;0;0;0;0;"29";"50";"2950"
"2900000000520";7852;15058;10129;9818;0;0;4847;0;0;0;4971;0;0;0;"29";"52";"2952"
"3000000000010";7852;8755;6891;6528;2837;0;0;0;0;0;3691;0;0;0;"30";"01";"3001"
"3000000000020";7852;13829;9768;9077;5306;0;0;0;0;0;0;3771;0;0;"30";"02";"3002"
"3000000000030";7852;18297;12632;11767;6403;0;0;0;0;0;5364;0;0;0;"30";"03";"3003"
"3000000000080";7852;2539;2111;2017;1243;0;0;0;0;0;774;0;0;0;"30";"08";"3008"
"3000000000190";7852;13726;9175;8583;0;0;4222;0;0;0;0;4361;0;0;"30";"19";"3019"
"3000000000230";7852;11198;8987;8604;4634;0;0;0;0;0;3970;0;0;0;"30";"23";"3023"
"3000000000260";7852;5973;4341;4060;0;0;2619;0;0;0;0;1441;0;0;"30";"26";"3026"
"3000000000300";7852;5760;4313;4065;0;0;2273;0;0;0;1792;0;0;0;"30";"30";"3030"
"3000000000320";7852;11382;8524;7814;0;0;3555;0;4259;0;0;0;0;0;"30";"32";"3032"
"3000000000350";7852;10297;8036;7746;0;0;3579;0;0;4167;0;0;0;0;"30";"35";"3035"
"3000000000380";7852;4455;3605;3506;0;0;1214;794;0;0;0;1498;0;0;"30";"38";"3038"
"3000000000390";7852;5975;4523;4331;0;0;2676;0;0;0;1655;0;0;0;"30";"39";"3039"
"3000000000420";7852;11502;6648;6274;0;0;2279;0;0;3969;0;0;26;0;"30";"42";"3042"
"3000000000430";7852;8363;5339;5103;0;0;2263;0;0;0;2840;0;0;0;"30";"43";"3043"
"3100000000060";7852;4764;3926;3781;0;0;1816;0;0;1965;0;0;0;0;"31";"06";"3106"
"3100000000100";7852;14742;10189;9727;0;0;5568;0;0;0;0;4159;0;0;"31";"10";"3110"
"3100000000110";7852;7153;5506;5321;0;0;3255;0;0;0;2066;0;0;0;"31";"11";"3111"
"3100000000160";7852;4397;3686;3616;0;0;1839;0;0;0;0;1777;0;0;"31";"16";"3116"
"3100000000190";7852;7509;5596;5300;0;0;2104;0;0;3196;0;0;0;0;"31";"19";"3119"
"3100000000230";7852;33679;23142;22036;0;0;11777;0;0;10259;0;0;0;0;"31";"23";"3123"
"3100000000250";7852;8169;6321;6077;0;0;3710;0;0;2367;0;0;0;0;"31";"25";"3125"
"3100000000290";7852;15546;10115;9707;0;0;5454;0;0;0;4253;0;0;0;"31";"29";"3129"
"3100000000350";7852;19030;10618;10294;0;0;5046;0;0;0;5248;0;0;0;"31";"35";"3135"
"3100000000420";7852;16568;9902;9614;0;0;4915;0;0;0;4699;0;0;0;"31";"42";"3142"
"3100000000470";7852;26629;16017;15403;0;0;7937;0;0;7466;0;0;0;0;"31";"47";"3147"
"3100000000480";7852;32608;20108;18892;0;0;11212;0;0;0;7680;0;0;0;"31";"48";"3148"
"3100000000490";7852;19685;13321;12859;0;0;7142;0;0;5717;0;0;0;0;"31";"49";"3149"
"3200000000020";7852;4369;3082;3000;0;0;1614;0;0;0;1386;0;0;0;"32";"02";"3202"
"3200000000040";7852;4130;2918;2805;0;0;1707;0;0;0;1098;0;0;0;"32";"04";"3204"
"3200000000080";7852;7448;5524;5137;0;0;2303;0;0;2834;0;0;0;0;"32";"08";"3208"
"3200000000110";7852;2641;1949;1901;0;0;662;0;0;852;387;0;0;0;"32";"11";"3211"
"3200000000180";7852;1837;1389;1332;0;0;723;0;0;609;0;0;0;0;"32";"18";"3218"
"3200000000210";7852;4241;3450;3366;0;0;0;1625;0;0;0;1741;0;0;"32";"21";"3221"
"3200000000230";7852;3375;2582;2517;0;0;1434;0;0;1083;0;0;0;0;"32";"23";"3223"
"3200000000240";7852;5668;4672;4589;0;0;2526;0;0;2063;0;0;0;0;"32";"24";"3224"
"3200000000270";7852;2369;1924;1881;0;0;0;0;897;0;984;0;0;0;"32";"27";"3227"
"3200000000280";7852;3599;2642;2518;0;0;1581;0;0;0;0;937;0;0;"32";"28";"3228"
"3200000000300";7852;6337;4504;4344;0;0;2041;0;0;2303;0;0;0;0;"32";"30";"3230"
"3300000000020";7852;22856;15421;14714;0;0;5599;0;0;9115;0;0;0;0;"33";"02";"3302"
"3300000000130";7852;14828;7991;7781;0;0;3381;0;0;0;4400;0;0;0;"33";"13";"3313"
"3300000000150";7852;8008;6198;6012;0;0;3078;0;0;0;2934;0;0;0;"33";"15";"3315"
"3300000000260";7852;8020;5533;5330;0;0;2018;0;0;3312;0;0;0;0;"33";"26";"3326"
"3300000000270";7852;15881;11295;10925;0;0;4778;0;0;0;0;6147;0;0;"33";"27";"3327"
"3300000000400";7852;7579;6275;6048;0;0;2658;0;0;3390;0;0;0;0;"33";"40";"3340"
"3300000000430";7852;5957;4806;4653;2584;0;0;0;0;0;2069;0;0;0;"33";"43";"3343"
"3300000000450";7852;2402;1848;1769;0;0;1198;0;0;0;0;571;0;0;"33";"45";"3345"
"3300000000500";7852;3282;2744;2701;0;0;1544;0;0;0;0;1157;0;0;"33";"50";"3350"
"3300000000520";7852;16358;9143;8740;5128;0;0;0;0;0;0;3612;0;0;"33";"52";"3352"
"3300000000550";7852;18139;11171;10653;0;0;5937;0;0;0;4716;0;0;0;"33";"55";"3355"
"3300000000560";7852;20490;12087;11775;0;0;5437;0;0;6338;0;0;0;0;"33";"56";"3356"
"3300000000580";7852;12146;6896;6569;0;0;3891;0;0;0;2678;0;0;0;"33";"58";"3358"
"3300000000610";7852;17107;11421;11095;0;0;5397;0;0;5698;0;0;0;0;"33";"61";"3361"
"3400000000060";7852;9612;6703;6317;0;0;4239;0;0;2078;0;0;0;0;"34";"06";"3406"
"3400000000070";7852;15410;11449;10844;0;0;4851;0;0;5993;0;0;0;0;"34";"07";"3407"
"3400000000100";7852;10595;7764;7326;0;0;4677;0;0;0;2649;0;0;0;"34";"10";"3410"
"3400000000130";7852;5910;4669;4512;0;0;2058;0;0;0;2454;0;0;0;"34";"13";"3413"
"3400000000170";7852;17650;13488;12817;0;0;6674;0;0;0;0;6143;0;0;"34";"17";"3417"
"3400000000180";7852;9458;8074;7872;0;0;4002;0;0;0;0;3870;0;0;"34";"18";"3418"
"3400000000190";7852;13996;10284;9866;0;0;4111;0;0;0;0;5755;0;0;"34";"19";"3419"
"3400000000240";7852;21812;13635;12988;0;0;4580;0;0;0;8408;0;0;0;"34";"24";"3424"
"3400000000250";7852;6871;5150;4856;0;0;3031;0;0;0;1825;0;0;0;"34";"25";"3425"
"3400000000280";7852;9418;7587;7245;3843;0;0;0;0;0;3402;0;0;0;"34";"28";"3428"
"3400000000300";7852;5788;4335;4045;0;0;2721;0;0;0;1324;0;0;0;"34";"30";"3430"
"3400000000310";7852;5593;4792;4686;0;0;0;0;0;2375;0;2311;0;0;"34";"31";"3431"
"3400000000340";7852;1321;1155;1142;0;0;566;0;0;576;0;0;0;0;"34";"34";"3434"
"3400000000350";7852;6310;4982;4745;0;0;2563;0;0;0;2182;0;0;0;"34";"35";"3435"
"3400000000370";7852;13291;9731;9357;4756;0;0;0;0;0;4601;0;0;0;"34";"37";"3437"
"3400000000380";7852;17868;11348;10708;0;0;5740;0;0;0;3725;0;1243;0;"34";"38";"3438"
"3400000000390";7852;19588;12872;12182;5568;0;0;0;0;6610;0;0;4;0;"34";"39";"3439"
"3400000000410";7852;20471;13602;12994;0;0;5283;0;0;7634;0;0;77;0;"34";"41";"3441"
"3400000000430";7852;13443;7505;6914;0;0;3688;0;0;0;0;0;3226;0;"34";"43";"3443"
"3400000000450";7852;11611;7118;6893;0;0;3533;0;0;3356;0;0;4;0;"34";"45";"3445"
"3400000000460";7852;14948;9283;8791;0;0;3556;0;0;5218;4;0;13;0;"34";"46";"3446"
"3500000000040";7852;5525;3832;3695;0;0;1283;0;0;0;0;2412;0;0;"35";"04";"3504"
"3500000000130";7852;12678;8415;8133;0;0;1858;0;0;4343;0;1932;0;0;"35";"13";"3513"
"3500000000190";7852;10083;7637;7439;0;0;3873;0;0;0;0;3566;0;0;"35";"19";"3519"
"3500000000200";7852;7372;5741;5567;0;0;0;0;0;1942;0;3625;0;0;"35";"20";"3520"
"3500000000260";7852;6192;4677;4486;0;0;1575;0;0;0;0;2911;0;0;"35";"26";"3526"
"3500000000360";7852;7802;6146;5968;0;0;0;0;0;0;0;5968;0;0;"35";"36";"3536"
"3500000000460";7852;14929;9359;9132;0;0;4542;0;0;4590;0;0;0;0;"35";"46";"3546"
"3500000000500";7852;12990;6099;5868;0;0;3525;0;0;0;2343;0;0;0;"35";"50";"3550"
"3600000000010";7852;6811;5501;5420;0;0;2792;0;0;2628;0;0;0;0;"36";"01";"3601"
"3600000000100";7852;3619;3215;3163;0;0;1581;0;0;0;1582;0;0;0;"36";"10";"3610"
"3600000000110";7852;3871;3110;3033;0;0;1601;0;0;0;0;1432;0;0;"36";"11";"3611"
"3600000000120";7852;9071;7259;7045;0;0;3460;0;0;0;3585;0;0;0;"36";"12";"3612"
"3600000000150";7852;3497;2875;2731;0;0;0;0;1522;0;1209;0;0;0;"36";"15";"3615"
"3600000000180";7852;5331;4078;3948;0;0;1871;0;0;0;2077;0;0;0;"36";"18";"3618"
"3600000000190";7852;4074;3161;3079;0;0;1633;0;0;0;0;1446;0;0;"36";"19";"3619"
"3600000000210";7852;4266;3249;3073;0;0;1274;0;0;0;1799;0;0;0;"36";"21";"3621"
"3600000000240";7852;11518;8062;7686;3799;0;0;0;0;0;3887;0;0;0;"36";"24";"3624"
"3600000000250";7852;10207;7322;7017;0;0;3133;0;0;3884;0;0;0;0;"36";"25";"3625"
"3700000000140";7852;12008;7426;7073;0;0;2836;0;0;0;0;4237;0;0;"37";"14";"3714"
"3700000000190";7852;6863;5004;4916;0;0;871;0;0;0;1744;2301;0;0;"37";"19";"3719"
"3700000000260";7852;12617;6720;6546;0;0;2842;0;0;0;3704;0;0;0;"37";"26";"3726"
"3700000000330";7852;11113;5719;5488;0;0;2479;0;0;0;0;3009;0;0;"37";"33";"3733"
"3700000000350";7852;8687;5198;5018;0;0;2422;0;0;0;2596;0;0;0;"37";"35";"3735"
"3700000000360";7852;10084;6334;5856;0;0;2276;0;0;0;3580;0;0;0;"37";"36";"3736"
"3700000000370";7852;9410;6704;6420;0;0;2605;0;0;0;0;3815;0;0;"37";"37";"3737"
"3800000000030";7852;7446;5375;5255;0;0;2480;0;0;0;2775;0;0;0;"38";"03";"3803"
"3800000000040";7852;12156;7963;7657;0;0;3576;0;0;0;0;4081;0;0;"38";"04";"3804"
"3800000000120";7852;17674;10441;10229;0;0;4833;0;0;5396;0;0;0;0;"38";"12";"3812"
"3800000000140";7852;11734;6958;6786;0;0;3783;0;0;3003;0;0;0;0;"38";"14";"3814"
"3800000000160";7852;2431;2124;2102;0;0;1063;0;0;1039;0;0;0;0;"38";"16";"3816"
"3800000000180";7852;2352;1912;1886;0;0;968;0;0;918;0;0;0;0;"38";"18";"3818"
"3800000000190";7852;12796;9144;9006;0;0;4990;0;0;4016;0;0;0;0;"38";"19";"3819"
"3800000000200";7852;9514;6761;6594;3279;0;0;0;0;0;0;3315;0;0;"38";"20";"3820"
"3800000000240";7852;24253;15646;14779;0;0;8350;0;0;0;0;6429;0;0;"38";"24";"3824"
"3800000000300";7852;12674;7907;7680;0;0;2815;0;0;4865;0;0;0;0;"38";"30";"3830"
"3800000000320";7852;13791;8574;8255;4394;0;0;0;0;0;3861;0;0;0;"38";"32";"3832"
"3800000000350";7852;6080;4356;4191;0;0;1951;0;0;0;0;2240;0;0;"38";"35";"3835"
"3800000000370";7852;8061;5438;5216;0;0;2882;0;0;0;2334;0;0;0;"38";"37";"3837"
"3800000000390";7852;16515;12301;11779;0;0;5263;0;0;6516;0;0;0;0;"38";"39";"3839"
"3800000000420";7852;5025;3056;2782;0;0;0;0;0;0;0;2782;0;0;"38";"42";"3842"
"3800000000450";7852;22226;14853;14439;0;0;6377;0;0;0;8062;0;0;0;"38";"45";"3845"
"3800000000470";7852;7999;4388;4165;2625;0;0;0;0;0;1540;0;0;0;"38";"47";"3847"
"3800000000510";7852;13732;9525;9184;0;0;4456;0;0;0;4728;0;0;0;"38";"51";"3851"
"3800000000520";7852;8974;5105;4912;2702;0;0;0;0;0;0;2210;0;0;"38";"52";"3852"
"3800000000550";7852;8610;6086;5952;0;0;3129;0;0;0;2823;0;0;0;"38";"55";"3855"
"3800000000560";7852;15052;8894;8690;0;0;4248;0;0;0;0;4442;0;0;"38";"56";"3856"
"3800000000570";7852;11211;6502;6378;0;0;3531;0;0;0;0;2847;0;0;"38";"57";"3857"
"3800000000580";7852;7153;4678;4498;0;0;2128;0;0;2370;0;0;0;0;"38";"58";"3858"
"3900000000010";7852;4956;3910;3769;0;0;1752;0;0;0;0;2017;0;0;"39";"01";"3901"
"3900000000020";7852;3010;2086;2042;0;0;781;0;0;1261;0;0;0;0;"39";"02";"3902"
"3900000000030";7852;4483;3128;3065;0;0;1564;0;0;0;0;1501;0;0;"39";"03";"3903"
"3900000000090";7852;7304;5292;5130;0;0;2485;0;0;2645;0;0;0;0;"39";"09";"3909"
"3900000000120";7852;3852;2837;2748;0;0;1328;0;0;0;0;1420;0;0;"39";"12";"3912"
"3900000000130";7852;12661;8242;7892;0;0;3897;0;0;3995;0;0;0;0;"39";"13";"3913"
"3900000000150";7852;9300;5984;5715;0;0;2317;0;0;0;0;3398;0;0;"39";"15";"3915"
"3900000000160";7852;3540;1951;1362;0;0;0;0;0;0;0;1362;0;0;"39";"16";"3916"
"3900000000170";7852;3226;2618;2541;0;0;1232;0;0;0;1309;0;0;0;"39";"17";"3917"
"3900000000190";7852;8074;4281;4143;0;0;1223;0;0;2379;0;0;541;0;"39";"19";"3919"
"3900000000200";7852;2505;1828;1741;0;0;0;0;0;0;978;763;0;0;"39";"20";"3920"
"3900000000300";7852;2556;2055;2006;0;0;1039;0;0;0;967;0;0;0;"39";"30";"3930"
"3900000000310";7852;2927;2143;1963;0;0;838;0;0;0;1125;0;0;0;"39";"31";"3931"
"4000000000020";7852;5632;4860;4643;0;0;0;0;0;0;0;4643;0;0;"40";"02";"4002"
"4000000000040";7852;12298;8533;8190;0;0;4637;0;0;0;3553;0;0;0;"40";"04";"4004"
"4000000000050";7852;3246;2716;2655;0;0;1627;0;0;0;0;1028;0;0;"40";"05";"4005"
"4000000000080";7852;7053;5566;5427;0;0;0;3176;0;0;0;2251;0;0;"40";"08";"4008"
"4000000000110";7852;11577;7877;7649;0;0;3954;0;0;3695;0;0;0;0;"40";"11";"4011"
"4000000000160";7852;7420;6085;5935;0;0;3212;0;0;0;0;2723;0;0;"40";"16";"4016"
"4000000000230";7852;13542;9623;9357;0;0;5349;0;0;0;4008;0;0;0;"40";"23";"4023"
"4000000000260";7852;4154;3350;2973;0;0;1807;0;0;1166;0;0;0;0;"40";"26";"4026"
"4000000000300";7852;17524;12537;12175;0;0;6171;0;0;0;6004;0;0;0;"40";"30";"4030"
"4100000000020";7852;7627;5136;4935;0;0;2555;0;0;0;2380;0;0;0;"41";"02";"4102"
"4100000000030";7852;9571;7009;6797;3502;0;0;0;0;0;3295;0;0;0;"41";"03";"4103"
"4100000000170";7852;7766;5586;5370;0;0;1372;0;0;3998;0;0;0;0;"41";"17";"4117"
"4100000000210";7852;4359;3207;3093;0;0;1385;0;0;1395;0;313;0;0;"41";"21";"4121"
"4100000000250";7852;8514;4916;4721;0;0;1708;0;0;0;0;3013;0;0;"41";"25";"4125"
"4100000000260";7852;5121;2273;2158;0;0;1075;0;0;0;0;1083;0;0;"41";"26";"4126"
"4100000000280";7852;9844;6959;6662;0;0;3605;0;0;0;0;3057;0;0;"41";"28";"4128"
"4100000000290";7852;6083;4432;4273;0;0;1869;0;0;1984;0;420;0;0;"41";"29";"4129"
"4200000000070";7852;15449;10385;10120;0;0;5669;0;0;0;0;4451;0;0;"42";"07";"4207"
"4200000000150";7852;14870;10425;9941;4662;0;0;0;0;0;5279;0;0;0;"42";"15";"4215"
"4200000000160";7852;24915;13893;13383;6817;0;0;0;0;0;6566;0;0;0;"42";"16";"4216"
"4200000000170";7852;5419;3621;3472;0;0;0;0;0;0;0;3472;0;0;"42";"17";"4217"
"4200000000180";7852;12927;8363;8009;0;0;4099;0;0;3910;0;0;0;0;"42";"18";"4218"
"4200000000190";7852;15782;8103;7783;3778;0;0;0;0;0;0;4005;0;0;"42";"19";"4219"
"4200000000270";7852;7962;5500;5376;0;0;1573;0;0;0;0;3803;0;0;"42";"27";"4227"
"4200000000370";7852;17149;8959;8638;0;0;3325;0;0;5313;0;0;0;0;"42";"37";"4237"
"4200000000380";7852;9089;4634;4459;0;0;1569;0;0;0;2890;0;0;0;"42";"38";"4238"
"4200000000390";7852;12943;6635;6327;2940;0;0;0;0;0;3387;0;0;0;"42";"39";"4239"
"4200000000400";7852;11666;7075;6720;0;0;2329;0;0;0;4391;0;0;0;"42";"40";"4240"
"4300000000020";7852;7720;5501;5306;0;0;3188;0;0;0;0;2118;0;0;"43";"02";"4302"
"4300000000040";7852;1870;1466;1426;0;0;797;0;0;0;0;629;0;0;"43";"04";"4304"
"4300000000050";7852;5022;3862;3712;0;0;1794;0;0;1918;0;0;0;0;"43";"05";"4305"
"4300000000180";7852;3302;2386;2261;0;0;0;0;0;1461;0;800;0;0;"43";"18";"4318"
"4300000000230";7852;4365;3353;3269;0;1520;0;0;0;1749;0;0;0;0;"43";"23";"4323"
"4300000000250";7852;4464;3388;3323;0;371;0;0;0;1704;1248;0;0;0;"43";"25";"4325"
"4300000000270";7852;6049;4366;4272;0;0;0;0;812;1826;0;1634;0;0;"43";"27";"4327"
"4300000000310";7852;6422;4551;4426;0;0;2150;0;0;0;0;2276;0;0;"43";"31";"4331"
"4300000000320";7852;5044;3417;3280;0;0;1526;0;0;1754;0;0;0;0;"43";"32";"4332"
"4400000000030";7852;9849;5856;5423;0;0;2216;0;0;0;0;3207;0;0;"44";"03";"4403"
"4400000000060";7852;16136;10259;9937;0;0;3390;0;0;0;0;6547;0;0;"44";"06";"4406"
"4400000000110";7852;5834;4466;4350;0;0;2174;0;0;0;0;2176;0;0;"44";"11";"4411"
"4400000000140";7852;7287;5107;4859;0;0;1827;0;0;3032;0;0;0;0;"44";"14";"4414"
"4400000000220";7852;13430;6212;6071;0;0;2306;0;0;0;3765;0;0;0;"44";"22";"4422"
"4400000000240";7852;15172;6432;5087;2240;0;2847;0;0;0;0;0;0;0;"44";"24";"4424"
"4400000000260";7852;11498;5784;5589;0;0;3004;0;0;0;2585;0;0;0;"44";"26";"4426"
"4400000000350";7852;17648;11723;11292;0;0;5351;0;0;0;0;5941;0;0;"44";"35";"4435"
"4400000000390";7852;15721;8887;8514;0;0;4367;0;0;4147;0;0;0;0;"44";"39";"4439"
"4400000000450";7852;5229;4108;4017;0;0;1934;0;0;0;2083;0;0;0;"44";"45";"4445"
"4400000000490";7852;15594;8832;8606;0;0;4299;0;0;0;0;4307;0;0;"44";"49";"4449"
"4400000000520";7852;16392;8962;8709;0;0;4875;0;0;0;3834;0;0;0;"44";"52";"4452"
"4400000000530";7852;14519;8738;8255;0;0;4035;0;0;0;4220;0;0;0;"44";"53";"4453"
"4400000000570";7852;17164;10145;9669;0;0;3358;0;0;0;6311;0;0;0;"44";"57";"4457"
"4400000000580";7852;13188;6883;6690;0;0;3584;0;0;3106;0;0;0;0;"44";"58";"4458"
"4400000000590";7852;9095;6207;6023;0;0;1666;0;0;0;0;4357;0;0;"44";"59";"4459"
"4500000000010";7852;5466;4163;3988;0;0;0;0;2097;0;0;1891;0;0;"45";"01";"4501"
"4500000000060";7852;10748;6773;6479;0;0;2160;0;0;0;0;4319;0;0;"45";"06";"4506"
"4500000000090";7852;4868;3351;3196;0;0;2031;0;0;0;1165;0;0;0;"45";"09";"4509"
"4500000000150";7852;9181;6322;6022;0;0;0;0;0;0;3214;2808;0;0;"45";"15";"4515"
"4500000000180";7852;10340;6851;6378;0;0;2142;0;0;0;4236;0;0;0;"45";"18";"4518"
"4500000000190";7852;9961;5859;5519;2404;0;0;0;0;0;3115;0;0;0;"45";"19";"4519"
"4500000000230";7852;11795;6518;6287;0;0;2707;0;0;0;3580;0;0;0;"45";"23";"4523"
"4500000000330";7852;12623;8911;8368;4250;0;0;0;0;0;4118;0;0;0;"45";"33";"4533"
"4500000000340";7852;12390;5926;3888;3888;0;0;0;0;0;0;0;0;0;"45";"34";"4534"
"4500000000360";7852;10047;6568;6284;0;0;3197;0;0;3087;0;0;0;0;"45";"36";"4536"
"4600000000020";7852;4836;3338;3151;0;0;0;1799;0;0;1352;0;0;0;"46";"02";"4602"
"4600000000030";7852;5646;4115;3934;1926;0;0;0;0;2008;0;0;0;0;"46";"03";"4603"
"4600000000040";7852;2615;2176;2143;0;0;0;1123;0;0;0;1020;0;0;"46";"04";"4604"
"4600000000090";7852;6852;5391;5246;0;0;2662;0;0;0;0;2584;0;0;"46";"09";"4609"
"4600000000130";7852;5341;4350;4194;0;0;2001;0;0;0;2193;0;0;0;"46";"13";"4613"
"4600000000160";7852;1499;1215;1161;0;0;0;597;0;0;0;564;0;0;"46";"16";"4616"
"4600000000190";7852;4850;3833;3386;0;0;1674;1712;0;0;0;0;0;0;"46";"19";"4619"
"4600000000200";7852;3872;3054;2909;0;0;0;1753;0;0;1156;0;0;0;"46";"20";"4620"
"4600000000220";7852;1871;1544;1521;0;0;0;841;0;0;0;680;0;0;"46";"22";"4622"
"4600000000260";7852;1580;1284;1246;0;0;653;0;0;0;593;0;0;0;"46";"26";"4626"
"4600000000300";7852;1606;1406;1385;0;0;677;0;0;0;708;0;0;0;"46";"30";"4630"
"4600000000310";7852;6519;4368;4133;0;0;2464;0;0;0;1669;0;0;0;"46";"31";"4631"
"4700000000020";7852;6565;4160;3966;0;0;1618;0;0;2348;0;0;0;0;"47";"02";"4702"
"4700000000130";7852;8428;6847;6640;0;0;3137;0;0;0;0;3503;0;0;"47";"13";"4713"
"4700000000140";7852;1221;988;962;547;0;0;0;0;248;0;0;167;0;"47";"14";"4714"
"4700000000160";7852;2586;1883;1803;0;0;696;0;0;0;0;1107;0;0;"47";"16";"4716"
"4700000000190";7852;10619;8327;8039;0;0;3525;0;0;0;0;4514;0;0;"47";"19";"4719"
"4700000000210";7852;3546;2865;2757;1398;0;0;0;0;0;0;1359;0;0;"47";"21";"4721"
"4700000000240";7852;4479;3885;3825;0;0;1866;0;0;0;0;1959;0;0;"47";"24";"4724"
"4700000000280";7852;3094;2477;2393;0;0;1130;0;0;0;0;1263;0;0;"47";"28";"4728"
"4700000000300";7852;5708;4104;3951;0;0;1056;0;0;0;0;2895;0;0;"47";"30";"4730"
"4700000000320";7852;9743;7981;7575;0;0;4089;0;0;0;0;3486;0;0;"47";"32";"4732"
"4700000000340";7852;10823;7825;7231;0;0;2499;0;0;0;2525;2207;0;0;"47";"34";"4734"
"4700000000390";7852;11626;7796;7554;0;0;2589;0;0;0;0;4102;863;0;"47";"39";"4739"
"4700000000400";7852;7249;5362;5188;0;0;2831;0;0;0;2357;0;0;0;"47";"40";"4740"
"4800000000100";7852;4101;3108;3025;0;0;0;0;1663;0;0;1362;0;0;"48";"10";"4810"
"4800000000220";7852;2490;1630;1469;0;0;1114;0;0;0;0;355;0;0;"48";"22";"4822"
"4900000000040";7852;7457;5007;4798;0;0;1747;0;0;3051;0;0;0;0;"49";"04";"4904"
"4900000000070";7852;5181;3903;3774;0;0;0;0;0;0;1910;1864;0;0;"49";"07";"4907"
"4900000000080";7852;6997;5094;4717;0;0;0;0;2213;2504;0;0;0;0;"49";"08";"4908"
"4900000000130";7852;9135;6199;6006;0;0;1345;0;0;3390;0;1271;0;0;"49";"13";"4913"
"4900000000210";7852;10447;7325;6747;0;0;0;0;0;3964;0;2783;0;0;"49";"21";"4921"
"4900000000250";7852;10950;7504;6735;0;0;0;0;0;4199;2536;0;0;0;"49";"25";"4925"
"4900000000260";7852;8604;6318;6151;0;0;1196;0;0;0;2257;2698;0;0;"49";"26";"4926"
"4900000000270";7852;6835;4462;4183;0;0;0;0;0;2451;0;1732;0;0;"49";"27";"4927"
"4900000000280";7852;7449;4565;4335;0;0;1583;0;0;0;2752;0;0;0;"49";"28";"4928"
"4900000000290";7852;20020;12328;11633;0;0;5419;0;0;0;6214;0;0;0;"49";"29";"4929"
"4900000000300";7852;11511;9042;8862;0;0;4536;0;0;0;0;4326;0;0;"49";"30";"4930"
"4900000000350";7852;15498;7910;7597;0;0;3057;0;0;0;4540;0;0;0;"49";"35";"4935"
"4900000000360";7852;15391;9592;9212;4320;0;0;0;0;4892;0;0;0;0;"49";"36";"4936"
"4900000000370";7852;15390;8136;7878;0;0;3576;0;0;0;4302;0;0;0;"49";"37";"4937"
"4900000000380";7852;14134;7803;7502;0;0;3081;0;0;4421;0;0;0;0;"49";"38";"4938"
"5000000000040";7852;5262;3799;3602;0;0;0;0;0;0;1732;0;0;1870;"50";"04";"5004"
"5000000000070";7852;6236;3806;3515;0;0;0;0;0;0;0;3515;0;0;"50";"07";"5007"
"5000000000120";7852;8156;5503;5363;0;0;1099;0;0;0;2488;1776;0;0;"50";"12";"5012"
"5000000000260";7852;4260;3541;3421;0;0;0;0;0;1696;1725;0;0;0;"50";"26";"5026"
"5000000000270";7852;4705;3614;3473;0;0;0;0;1718;0;0;1755;0;0;"50";"27";"5027"
"5000000000290";7852;5470;4370;4254;0;0;1397;0;0;0;1395;1462;0;0;"50";"29";"5029"
"5000000000340";7852;4844;3557;3453;0;0;1626;0;0;1827;0;0;0;0;"50";"34";"5034"
"5000000000440";7852;3119;2647;2607;0;0;0;0;0;1229;1378;0;0;0;"50";"44";"5044"
"5000000000490";7852;8819;4749;4616;0;0;2069;0;0;2547;0;0;0;0;"50";"49";"5049"
"5000000000500";7852;14226;9081;8730;0;0;4394;0;0;0;4336;0;0;0;"50";"50";"5050"
"5000000000520";7852;8891;5724;5537;0;0;2398;0;0;3139;0;0;0;0;"50";"52";"5052"
"5100000000070";7852;3035;2311;2264;0;0;1164;0;0;0;0;1100;0;0;"51";"07";"5107"
"5100000000110";7852;9713;5690;5418;0;0;2045;0;0;3373;0;0;0;0;"51";"11";"5111"
"5100000000130";7852;4282;3370;3284;0;0;0;0;0;0;1692;1592;0;0;"51";"13";"5113"
"5100000000230";7852;6818;5278;5176;0;0;2380;0;0;0;0;2796;0;0;"51";"23";"5123"
"5100000000250";7852;7472;5617;5478;0;0;2459;0;0;0;3019;0;0;0;"51";"25";"5125"
"5100000000280";7852;8084;5326;4995;0;0;2073;0;0;0;0;2922;0;0;"51";"28";"5128"
"5100000000370";7852;14874;9163;8685;4209;0;0;0;0;0;4476;0;0;0;"51";"37";"5137"
"5100000000410";7852;8714;5147;5028;0;0;2888;0;0;2140;0;0;0;0;"51";"41";"5141"
"5100000000420";7852;10095;4664;4524;0;0;2370;0;0;0;2154;0;0;0;"51";"42";"5142"
"5100000000430";7852;11423;5906;5588;0;0;2200;0;0;0;0;3388;0;0;"51";"43";"5143"
"5200000000060";7852;3450;2506;2460;0;0;0;660;0;1185;0;615;0;0;"52";"06";"5206"
"5200000000160";7852;9470;5747;5590;0;0;1702;0;0;0;2813;1075;0;0;"52";"16";"5216"
"5200000000180";7852;3839;2811;2661;0;0;0;0;0;0;0;2661;0;0;"52";"18";"5218"
"5200000000250";7852;8886;3995;3512;0;0;0;0;0;0;3512;0;0;0;"52";"25";"5225"
"5200000000300";7852;5833;3611;3447;1569;0;0;0;0;0;1878;0;0;0;"52";"30";"5230"
"5300000000180";7852;6480;4417;4284;0;0;1974;0;0;2310;0;0;0;0;"53";"18";"5318"
"5300000000200";7852;8723;6669;6462;0;0;3037;0;0;3425;0;0;0;0;"53";"20";"5320"
"5300000000210";7852;8947;6517;6342;0;0;2128;0;0;2668;0;1546;0;0;"53";"21";"5321"
"5300000000250";7852;6442;4700;4513;0;0;0;0;0;0;0;4513;0;0;"53";"25";"5325"
"5300000000290";7852;7569;5132;4948;0;0;2535;0;0;2413;0;0;0;0;"53";"29";"5329"
"5300000000300";7852;5331;3614;3463;0;0;1789;0;0;0;1674;0;0;0;"53";"30";"5330"
"5300000000310";7852;6108;4199;4126;0;0;496;0;0;1314;0;2316;0;0;"53";"31";"5331"
"5400000000020";7852;14556;9270;8721;5287;0;0;0;0;0;3434;0;0;0;"54";"02";"5402"
"5400000000100";7852;4928;3979;3870;0;0;2145;0;0;1725;0;0;0;0;"54";"10";"5410"
"5400000000110";7852;13771;9856;9409;4654;0;0;0;0;4755;0;0;0;0;"54";"11";"5411"
"5400000000170";7852;8743;5259;4949;0;0;2041;0;0;2908;0;0;0;0;"54";"17";"5417"
"5400000000200";7852;14283;6004;5802;0;0;1799;0;0;0;0;4003;0;0;"54";"20";"5420"
"5400000000240";7852;12362;7511;7206;0;0;3089;0;0;0;4117;0;0;0;"54";"24";"5424"
"5400000000250";7852;18177;10241;9634;0;0;3875;0;0;0;5759;0;0;0;"54";"25";"5425"
"5400000000260";7852;3019;2103;2018;0;0;0;0;0;0;0;2018;0;0;"54";"26";"5426"
"5400000000280";7852;8410;5151;4837;0;0;1681;0;0;3156;0;0;0;0;"54";"28";"5428"
"5400000000300";7852;12114;7194;6906;4254;0;0;0;0;2652;0;0;0;0;"54";"30";"5430"
"5400000000310";7852;12937;5262;3766;3766;0;0;0;0;0;0;0;0;0;"54";"31";"5431"
"5400000000370";7852;11751;7962;7485;4117;0;0;0;0;0;3368;0;0;0;"54";"37";"5437"
"5400000000380";7852;14067;7361;7017;0;0;2482;0;0;4535;0;0;0;0;"54";"38";"5438"
"5400000000400";7852;14511;9441;9061;0;0;4039;0;0;0;0;5022;0;0;"54";"40";"5440"
"5500000000010";7852;7004;4562;4277;0;0;1589;0;0;0;2688;0;0;0;"55";"01";"5501"
"5500000000120";7852;1953;1598;1521;0;0;0;0;461;678;0;382;0;0;"55";"12";"5512"
"5500000000150";7852;2564;1997;1884;0;0;0;0;0;926;0;958;0;0;"55";"15";"5515"
"5500000000190";7852;6503;5232;5100;2627;0;0;0;0;0;0;2473;0;0;"55";"19";"5519"
"5500000000240";7852;4042;2179;1630;0;0;0;0;0;0;0;1630;0;0;"55";"24";"5524"
"5500000000300";7852;7049;4066;3861;0;0;1303;0;0;2558;0;0;0;0;"55";"30";"5530"
"5600000000090";7852;8220;6731;6623;0;0;0;0;2945;0;0;3678;0;0;"56";"09";"5609"
"5600000000120";7852;6710;5564;5341;0;0;2728;0;0;2577;0;36;0;0;"56";"12";"5612"
"5600000000180";7852;14570;8651;8263;0;0;4328;0;0;3935;0;0;0;0;"56";"18";"5618"
"5600000000250";7852;10417;6978;6515;0;0;1907;0;0;4608;0;0;0;0;"56";"25";"5625"
"5600000000300";7852;11551;6831;6487;0;0;1497;0;0;4990;0;0;0;0;"56";"30";"5630"
"5600000000380";7852;13454;9252;9055;0;0;4229;0;0;4826;0;0;0;0;"56";"38";"5638"
"5600000000400";7852;14488;9203;8777;5445;0;0;0;0;0;3332;0;0;0;"56";"40";"5640"
"5600000000420";7852;14115;9690;9411;0;0;3891;0;0;1020;0;4500;0;0;"56";"42";"5642"
"5700000000050";7852;12308;8565;8190;0;0;4206;0;0;3984;0;0;0;0;"57";"05";"5705"
"5700000000110";7852;15781;10469;10008;4379;0;0;0;0;5629;0;0;0;0;"57";"11";"5711"
"5700000000160";7852;4853;3362;3153;0;0;0;0;0;0;1794;1359;0;0;"57";"16";"5716"
"5700000000170";7852;13089;6543;6090;0;0;2517;0;0;3573;0;0;0;0;"57";"17";"5717"
"5700000000200";7852;19441;11335;10896;0;0;4530;0;0;0;6366;0;0;0;"57";"20";"5720"
"5700000000300";7852;16358;8924;8061;0;0;0;0;0;2986;5075;0;0;0;"57";"30";"5730"
"5700000000320";7852;12018;8003;7746;0;0;3835;0;0;0;3911;0;0;0;"57";"32";"5732"
"5700000000370";7852;19484;10925;10575;0;0;3418;0;0;0;0;7157;0;0;"57";"37";"5737"
"5700000000380";7852;17078;11059;10543;4524;0;0;0;0;6019;0;0;0;0;"57";"38";"5738"
"5700000000410";7852;18935;11270;10866;3438;0;1374;0;0;0;6054;0;0;0;"57";"41";"5741"
"5700000000430";7852;16474;11116;10705;5780;0;0;0;0;0;4925;0;0;0;"57";"43";"5743"
"5700000000440";7852;12721;7527;6619;2773;0;3846;0;0;0;0;0;0;0;"57";"44";"5744"
"5700000000450";7852;12646;7406;7026;0;0;3438;0;0;0;3584;4;0;0;"57";"45";"5745"
"5700000000470";7852;16933;10029;9559;0;0;4002;0;0;5557;0;0;0;0;"57";"47";"5747"
"5700000000480";7852;13278;8147;7763;0;0;3588;0;0;0;0;4175;0;0;"57";"48";"5748"
"5700000000490";7852;15994;5691;4603;0;0;0;0;0;4603;0;0;0;0;"57";"49";"5749"
"5700000000500";7852;16832;9943;8811;0;0;0;0;0;4019;0;4792;0;0;"57";"50";"5750"
"5800000000020";7852;7994;5618;5348;0;0;2848;0;0;0;2500;0;0;0;"58";"02";"5802"
"5800000000060";7852;4547;3381;3287;0;0;1692;0;0;1595;0;0;0;0;"58";"06";"5806"
"5800000000070";7852;6903;4961;4813;0;0;2301;0;0;2512;0;0;0;0;"58";"07";"5807"
"5800000000090";7852;3434;1855;1408;0;0;0;0;1408;0;0;0;0;0;"58";"09";"5809"
"5800000000140";7852;4057;2775;2700;618;0;0;0;1033;0;0;1049;0;0;"58";"14";"5814"
"5800000000230";7852;3027;2337;2291;0;0;1231;0;0;1060;0;0;0;0;"58";"23";"5823"
"5800000000240";7852;2783;2104;2019;0;0;1029;0;0;0;0;990;0;0;"58";"24";"5824"
"5800000000270";7852;6084;4144;4021;2375;0;0;0;0;0;1646;0;0;0;"58";"27";"5827"
"5800000000280";7852;10378;6447;6157;0;0;3344;0;0;0;2813;0;0;0;"58";"28";"5828"
"5800000000290";7852;5483;3546;3384;0;0;1695;0;1689;0;0;0;0;0;"58";"29";"5829"
"5800000000300";7852;11451;7557;7162;0;0;3643;0;0;3519;0;0;0;0;"58";"30";"5830"
"5800000000320";7852;6063;3977;3763;2417;0;0;0;0;0;1346;0;0;0;"58";"32";"5832"
"5900000000010";7852;11915;9387;8896;5402;0;0;0;0;0;3494;0;0;0;"59";"01";"5901"
"5900000000020";7852;32913;25948;24783;0;0;12437;0;0;12346;0;0;0;0;"59";"02";"5902"
"5900000000030";7852;6466;4508;4262;0;0;1533;0;0;0;2729;0;0;0;"59";"03";"5903"
"5900000000090";7852;11209;9537;9267;0;0;4421;0;0;0;0;4846;0;0;"59";"09";"5909"
"5900000000110";7852;18342;13042;12086;7695;0;0;0;0;0;4391;0;0;0;"59";"11";"5911"
"5900000000120";7852;12167;9772;9372;0;0;4225;0;1836;3311;0;0;0;0;"59";"12";"5912"
"5900000000130";7852;16471;12344;11715;0;0;5312;0;0;0;6403;0;0;0;"59";"13";"5913"
"5900000000150";7852;14782;12459;11867;6056;0;0;0;0;0;0;5811;0;0;"59";"15";"5915"
"5900000000170";7852;13201;11422;10896;0;0;6147;0;0;4749;0;0;0;0;"59";"17";"5917"
"5900000000190";7852;31107;21147;19517;10115;0;0;0;0;0;9402;0;0;0;"59";"19";"5919"
"5900000000200";7852;15533;11974;11522;0;0;4723;0;0;0;0;6799;0;0;"59";"20";"5920"
"5900000000230";7852;42351;28551;26918;14519;0;0;0;0;0;12399;0;0;0;"59";"23";"5923"
"5900000000240";7852;33859;22878;21361;11834;0;0;0;0;0;9527;0;0;0;"59";"24";"5924"
"5900000000270";7852;15708;11657;11035;0;0;0;0;6710;0;4325;0;0;0;"59";"27";"5927"
"5900000000320";7852;7853;6736;6493;0;0;3560;0;0;0;2933;0;0;0;"59";"32";"5932"
"5900000000330";7852;38666;28202;26751;0;0;12108;0;0;14627;0;0;16;0;"59";"33";"5933"
"5900000000350";7852;18740;8616;5840;0;0;5840;0;0;0;0;0;0;0;"59";"35";"5935"
"5900000000370";7852;30901;17047;16122;0;0;6498;0;0;9624;0;0;0;0;"59";"37";"5937"
"5900000000400";7852;30045;18981;17973;0;0;10099;0;0;7874;0;0;0;0;"59";"40";"5940"
"5900000000410";7852;21672;11565;10998;0;0;5178;0;0;0;0;5820;0;0;"59";"41";"5941"
"5900000000420";7852;27364;19792;18582;10502;0;0;0;0;0;0;8080;0;0;"59";"42";"5942"
"5900000000450";7852;24404;15976;15050;8043;0;0;0;0;0;7007;0;0;0;"59";"45";"5945"
"5900000000480";7852;22912;17703;16917;0;0;8699;0;0;8218;0;0;0;0;"59";"48";"5948"
"5900000000490";7852;7712;6350;6119;0;0;3910;0;0;0;2209;0;0;0;"59";"49";"5949"
"5900000000520";7852;20101;12176;10989;0;0;6470;0;0;0;0;0;4519;0;"59";"52";"5952"
"5900000000550";7852;21990;16520;15634;8274;0;0;0;0;7360;0;0;0;0;"59";"55";"5955"
"5900000000580";7852;13469;10809;10358;0;0;6707;0;0;3651;0;0;0;0;"59";"58";"5958"
"5900000000590";7852;7065;5704;5443;0;0;3087;0;0;2356;0;0;0;0;"59";"59";"5959"
"5900000000610";7852;35561;25769;24072;0;0;9548;0;0;0;0;14513;11;0;"59";"61";"5961"
"5900000000620";7852;30360;20754;20097;0;0;7814;0;0;0;8608;0;3675;0;"59";"62";"5962"
"5900000000650";7852;34286;23913;22623;10129;0;0;0;0;0;12494;0;0;0;"59";"65";"5965"
"5900000000660";7852;23025;15388;14666;6831;0;0;0;0;7835;0;0;0;0;"59";"66";"5966"
"5900000000680";7852;9566;8383;8147;0;0;3921;0;0;0;0;4226;0;0;"59";"68";"5968"
"5900000000720";7852;34360;23160;22237;0;0;10868;0;0;0;11369;0;0;0;"59";"72";"5972"
"5900000000730";7852;20390;12711;11733;0;0;6542;0;0;0;5191;0;0;0;"59";"73";"5973"
"5900000000750";7852;22423;13631;12888;0;0;4908;0;0;0;7968;0;12;0;"59";"75";"5975"
"6000000000030";7852;10487;6678;6342;0;0;2728;0;0;3614;0;0;0;0;"60";"03";"6003"
"6000000000040";7852;12041;8342;7995;0;0;3724;0;0;0;4271;0;0;0;"60";"04";"6004"
"6000000000110";7852;15723;9719;9354;0;0;4180;0;0;5174;0;0;0;0;"60";"11";"6011"
"6000000000120";7852;16957;12442;11666;6158;0;0;0;0;5508;0;0;0;0;"60";"12";"6012"
"6000000000130";7852;4355;3626;3510;0;0;1537;0;0;0;0;1973;0;0;"60";"13";"6013"
"6000000000180";7852;4004;3102;3007;0;0;1989;0;0;0;1018;0;0;0;"60";"18";"6018"
"6000000000240";7852;8234;5827;5618;3199;0;0;0;0;0;0;2419;0;0;"60";"24";"6024"
"6000000000280";7852;10657;7519;7096;0;0;2732;0;0;0;4364;0;0;0;"60";"28";"6028"
"6000000000300";7852;13190;8987;8637;0;0;4269;0;0;0;4368;0;0;0;"60";"30";"6030"
"6000000000320";7852;14540;10295;9693;0;0;4887;0;0;0;4806;0;0;0;"60";"32";"6032"
"6000000000330";7852;9352;7383;7017;0;0;4115;0;0;0;2902;0;0;0;"60";"33";"6033"
"6000000000350";7852;4423;3693;3590;0;0;0;1730;0;1860;0;0;0;0;"60";"35";"6035"
"6000000000360";7852;20672;12881;12327;0;0;3970;0;0;0;8357;0;0;0;"60";"36";"6036"
"6100000000120";7852;2284;1908;1867;0;0;970;0;0;0;897;0;0;0;"61";"12";"6112"
"6100000000150";7852;10003;6716;6364;0;0;2806;0;0;0;0;3558;0;0;"61";"15";"6115"
"6100000000170";7852;5141;3847;3703;0;0;0;0;0;0;2032;1671;0;0;"61";"17";"6117"
"6100000000240";7852;2854;2309;2232;0;0;0;0;0;990;0;1242;0;0;"61";"24";"6124"
"6100000000390";7852;6873;5215;5052;2344;0;0;0;0;2708;0;0;0;0;"61";"39";"6139"
"6100000000400";7852;9503;6845;6515;0;0;3303;0;0;0;3212;0;0;0;"61";"40";"6140"
"6200000000020";7852;10681;8939;8690;0;0;4084;0;0;4606;0;0;0;0;"62";"02";"6202"
"6200000000030";7852;24031;18156;17304;0;0;7681;0;0;9623;0;0;0;0;"62";"03";"6203"
"6200000000040";7852;19809;14389;13553;0;0;7960;0;0;5593;0;0;0;0;"62";"04";"6204"
"6200000000100";7852;8042;6905;6627;0;0;3230;0;0;0;3397;0;0;0;"62";"10";"6210"
"6200000000120";7852;21636;15669;14925;0;0;8227;0;0;0;6698;0;0;0;"62";"12";"6212"
"6200000000130";7852;12141;7851;7400;0;0;3881;0;0;3519;0;0;0;0;"62";"13";"6213"
"6200000000140";7852;22838;14430;13687;0;0;7681;0;0;0;6006;0;0;0;"62";"14";"6214"
"6200000000150";7852;18744;12719;11952;5486;0;0;0;0;0;6466;0;0;0;"62";"15";"6215"
"6200000000160";7852;18932;12469;11565;4158;0;0;0;0;0;7407;0;0;0;"62";"16";"6216"
"6200000000170";7852;22934;16186;14703;9781;0;0;0;0;0;4922;0;0;0;"62";"17";"6217"
"6200000000180";7852;7396;6814;6635;0;0;3064;0;0;0;3571;0;0;0;"62";"18";"6218"
"6200000000190";7852;15905;10882;10147;6015;0;0;0;0;0;4132;0;0;0;"62";"19";"6219"
"6200000000210";7852;9488;8376;8098;0;0;4208;0;0;0;3890;0;0;0;"62";"21";"6221"
"6200000000230";7852;6517;5952;5829;0;0;3021;0;0;2808;0;0;0;0;"62";"23";"6223"
"6200000000330";7852;14748;12202;11446;0;0;5475;0;0;0;5971;0;0;0;"62";"33";"6233"
"6200000000370";7852;22775;17223;16728;0;0;8530;0;0;0;8198;0;0;0;"62";"37";"6237"
"6200000000430";7852;10662;8703;8468;0;0;2083;0;0;3973;0;2412;0;0;"62";"43";"6243"
"6200000000450";7852;13884;10931;10305;0;0;5167;0;0;0;5138;0;0;0;"62";"45";"6245"
"6200000000460";7852;17956;14122;13495;7412;0;0;0;0;0;6083;0;0;0;"62";"46";"6246"
"6200000000480";7852;24775;15845;14489;0;0;9328;0;0;0;5161;0;0;0;"62";"48";"6248"
"6200000000500";7852;12949;8619;7952;0;0;5185;0;0;2767;0;0;0;0;"62";"50";"6250"
"6200000000530";7852;19923;13656;12589;0;0;8392;0;0;4197;0;0;0;0;"62";"53";"6253"
"6200000000540";7852;14575;7010;3502;3502;0;0;0;0;0;0;0;0;0;"62";"54";"6254"
"6200000000580";7852;14602;11127;10437;0;0;5230;0;0;0;5207;0;0;0;"62";"58";"6258"
"6200000000630";7852;16340;12555;11761;6986;0;0;0;0;4775;0;0;0;0;"62";"63";"6263"
"6200000000640";7852;12583;8451;7794;0;0;4979;0;0;2815;0;0;0;0;"62";"64";"6264"
"6200000000650";7852;13380;8087;7718;0;0;4639;0;0;0;3079;0;0;0;"62";"65";"6265"
"6200000000660";7852;14546;7170;4244;4244;0;0;0;0;0;0;0;0;0;"62";"66";"6266"
"6300000000060";7852;5853;4671;4557;0;0;2434;0;0;0;0;2123;0;0;"63";"06";"6306"
"6300000000070";7852;3821;3353;3250;0;0;1670;0;0;1580;0;0;0;0;"63";"07";"6307"
"6300000000140";7852;4201;3480;3378;0;0;1696;0;0;1682;0;0;0;0;"63";"14";"6314"
"6300000000160";7852;2080;1720;1660;0;0;868;0;0;792;0;0;0;0;"63";"16";"6316"
"6300000000190";7852;13187;10614;10239;0;0;5206;0;0;0;5033;0;0;0;"63";"19";"6319"
"6300000000220";7852;8090;6441;6248;0;0;3042;0;0;3206;0;0;0;0;"63";"22";"6322"
"6300000000230";7852;7194;5696;5532;0;0;3258;0;0;0;2274;0;0;0;"63";"23";"6323"
"6300000000260";7852;7820;6361;6185;0;0;3106;0;0;3079;0;0;0;0;"63";"26";"6326"
"6300000000330";7852;10108;7753;7516;0;0;3577;0;0;3939;0;0;0;0;"63";"33";"6333"
"6300000000420";7852;4112;3206;3131;0;0;1628;0;0;0;0;1503;0;0;"63";"42";"6342"
"6300000000430";7852;7360;6135;5953;0;0;3161;0;0;2792;0;0;0;0;"63";"43";"6343"
"6300000000440";7852;4553;3672;3569;0;0;2074;0;0;1495;0;0;0;0;"63";"44";"6344"
"6300000000460";7852;11113;7893;7493;0;0;3984;0;0;2169;0;0;1340;0;"63";"46";"6346"
"6300000000480";7852;12157;8985;8682;0;0;4154;0;0;4528;0;0;0;0;"63";"48";"6348"
"6300000000490";7852;7140;5605;5393;0;0;2871;0;0;2522;0;0;0;0;"63";"49";"6349"
"6300000000520";7852;8988;6206;6065;0;0;3223;0;0;2842;0;0;0;0;"63";"52";"6352"
"6300000000530";7852;5758;3241;3146;0;0;0;1457;0;0;1689;0;0;0;"63";"53";"6353"
"6300000000540";7852;9547;5349;5170;0;0;3002;0;0;0;2168;0;0;0;"63";"54";"6354"
"6300000000580";7852;10461;7034;6806;0;0;3170;0;0;3636;0;0;0;0;"63";"58";"6358"
"6400000000050";7852;4290;3604;3463;0;0;1730;0;0;0;0;1733;0;0;"64";"05";"6405"
"6400000000070";7852;10873;6530;6314;3614;0;0;0;0;2700;0;0;0;0;"64";"07";"6407"
"6400000000130";7852;3640;3022;2936;0;0;525;0;0;1168;1243;0;0;0;"64";"13";"6413"
"6400000000160";7852;3198;2643;2564;0;0;1235;0;0;0;1329;0;0;0;"64";"16";"6416"
"6400000000190";7852;13024;9759;9417;0;0;4227;0;0;5190;0;0;0;0;"64";"19";"6419"
"6400000000210";7852;6343;5057;4867;0;0;2620;0;0;0;0;2247;0;0;"64";"21";"6421"
"6400000000250";7852;10111;8236;7948;0;0;4308;0;0;0;3640;0;0;0;"64";"25";"6425"
"6400000000270";7852;9416;7234;6982;0;0;3274;0;0;3708;0;0;0;0;"64";"27";"6427"
"6400000000300";7852;12697;8256;8022;0;0;3905;0;0;0;4117;0;0;0;"64";"30";"6430"
"6400000000440";7852;10369;5696;5455;0;0;1677;0;0;0;3778;0;0;0;"64";"44";"6444"
"6400000000460";7852;12707;9573;9339;0;0;4962;0;0;0;4377;0;0;0;"64";"46";"6446"
"6400000000480";7852;10218;6882;6642;0;0;2653;0;0;0;3989;0;0;0;"64";"48";"6448"
"6400000000490";7852;10566;7461;7254;0;0;3784;0;0;0;3470;0;0;0;"64";"49";"6449"
"6500000000030";7852;1921;1417;1284;0;0;0;949;0;335;0;0;0;0;"65";"03";"6503"
"6500000000140";7852;3949;2897;2741;0;0;0;1639;0;0;1102;0;0;0;"65";"14";"6514"
"6500000000150";7852;2511;1502;1196;0;0;0;1196;0;0;0;0;0;0;"65";"15";"6515"
"6500000000160";7852;7646;5306;5000;0;0;0;2929;0;2071;0;0;0;0;"65";"16";"6516"
"6500000000190";7852;3875;3005;2855;0;0;1611;0;0;1244;0;0;0;0;"65";"19";"6519"
"6500000000210";7852;6635;4047;3835;0;0;2581;0;0;1254;0;0;0;0;"65";"21";"6521"
"6500000000250";7852;6732;4833;4562;0;0;2730;0;0;0;1832;0;0;0;"65";"25";"6525"
"6500000000260";7852;2346;1837;1811;0;0;426;969;0;0;416;0;0;0;"65";"26";"6526"
"6500000000280";7852;6625;4068;3896;1666;0;0;0;0;2230;0;0;0;0;"65";"28";"6528"
"6500000000290";7852;6884;4052;3892;1739;0;0;0;0;2153;0;0;0;0;"65";"29";"6529"
"6500000000320";7852;5454;3206;3099;0;0;1541;0;0;1558;0;0;0;0;"65";"32";"6532"
"6500000000330";7852;7079;4917;4584;2656;0;0;0;0;0;1928;0;0;0;"65";"33";"6533"
"6600000000010";7852;12130;9062;8592;0;0;0;5012;0;0;0;0;3580;0;"66";"01";"6601"
"6600000000060";7852;2896;2108;2069;346;0;0;0;0;0;0;1723;0;0;"66";"06";"6606"
"6600000000080";7852;8670;5275;4878;0;0;2172;0;0;0;2610;0;96;0;"66";"08";"6608"
"6600000000090";7852;7680;4012;3539;0;0;0;0;0;2488;0;0;1051;0;"66";"09";"6609"
"6600000000110";7852;2777;2366;2292;0;0;0;0;1215;1077;0;0;0;0;"66";"11";"6611"
"6600000000120";7852;11631;8258;7847;0;0;3581;0;0;0;0;4261;5;0;"66";"12";"6612"
"6600000000170";7852;9524;7353;7014;0;0;3807;0;0;3207;0;0;0;0;"66";"17";"6617"
"6600000000190";7852;10956;8030;7717;0;0;3124;0;0;0;4593;0;0;0;"66";"19";"6619"
"6600000000200";7852;9290;6215;5869;0;0;2677;0;0;3191;0;0;1;0;"66";"20";"6620"
"6600000000240";7852;9669;5845;5673;0;0;1643;0;0;0;2888;0;1142;0;"66";"24";"6624"
"6600000000260";7852;10151;5615;5334;0;0;2011;0;0;0;3323;0;0;0;"66";"26";"6626"
"6700000000160";7852;11717;7137;6779;0;0;0;0;0;3080;2271;1428;0;0;"67";"16";"6716"
"6700000000190";7852;2483;1780;1715;0;0;0;0;0;0;873;842;0;0;"67";"19";"6719"
"6700000000230";7852;9596;6269;6051;0;0;1502;0;0;1691;2858;0;0;0;"67";"23";"6723"
"6700000000280";7852;8442;3634;3503;0;0;1424;0;0;2079;0;0;0;0;"67";"28";"6728"
"6700000000320";7852;6817;5170;4860;0;0;4;0;0;2705;2151;0;0;0;"67";"32";"6732"
"6700000000340";7852;11328;6974;6715;0;0;1705;0;0;0;5010;0;0;0;"67";"34";"6734"
"6700000000370";7852;16758;8993;8637;0;0;3737;0;0;0;4900;0;0;0;"67";"37";"6737"
"6700000000390";7852;14463;6338;6141;0;0;1685;0;0;4456;0;0;0;0;"67";"39";"6739"
"6700000000410";7852;11687;5680;5527;0;0;1960;0;0;2472;0;0;1095;0;"67";"41";"6741"
"6800000000090";7852;19612;9848;8742;0;0;0;0;0;0;6418;0;2324;0;"68";"09";"6809"
"6800000000120";7852;11334;7642;7101;0;0;0;0;0;3928;0;3173;0;0;"68";"12";"6812"
"6800000000150";7852;7125;5188;4860;0;0;0;0;0;2849;2011;0;0;0;"68";"15";"6815"
"6800000000180";7852;11049;4160;3368;0;0;0;0;0;3368;0;0;0;0;"68";"18";"6818"
"6900000000080";7852;20709;13536;12937;6164;0;0;0;0;0;6773;0;0;0;"69";"08";"6908"
"6900000000140";7852;19599;10179;9815;0;0;3290;0;0;0;6525;0;0;0;"69";"14";"6914"
"6900000000220";7852;24594;12614;12023;0;0;5392;0;0;6631;0;0;0;0;"69";"22";"6922"
"6900000000260";7852;18438;11229;10732;0;0;3479;0;0;7253;0;0;0;0;"69";"26";"6926"
"6900000000330";7852;20266;11453;11041;0;0;5856;0;0;5185;0;0;0;0;"69";"33";"6933"
"6900000000340";7852;20135;11736;11427;0;0;5907;0;0;0;0;5518;2;0;"69";"34";"6934"
"6900000000370";7852;23950;14922;14354;0;0;6256;0;0;0;8091;0;7;0;"69";"37";"6937"
"6900000000390";7852;19348;10444;9923;0;0;3684;0;0;6050;0;0;189;0;"69";"39";"6939"
"6900000000400";7852;17251;9920;9556;0;0;4563;0;0;0;4993;0;0;0;"69";"40";"6940"
"6900000000450";7852;21233;12486;11363;0;0;6540;0;0;0;0;0;4823;0;"69";"45";"6945"
"6900000000460";7852;17538;9502;9124;4316;0;0;0;0;0;4808;0;0;0;"69";"46";"6946"
"6900000000470";7852;21441;12886;12483;0;0;6278;0;0;0;6205;0;0;0;"69";"47";"6947"
"6900000000480";7852;12584;8258;7946;3824;0;0;0;0;4122;0;0;0;0;"69";"48";"6948"
"6900000000490";7852;17172;9536;8514;0;0;5266;0;0;0;0;0;3248;0;"69";"49";"6949"
"6900000000510";7852;15442;8763;8457;0;0;2668;0;0;5789;0;0;0;0;"69";"51";"6951"
"7000000000020";7852;3662;2908;2841;0;0;1441;0;0;1400;0;0;0;0;"70";"02";"7002"
"7000000000030";7852;8187;5995;5605;3055;0;0;0;0;0;0;2550;0;0;"70";"03";"7003"
"7000000000110";7852;6297;4404;4181;0;0;2474;0;0;1707;0;0;0;0;"70";"11";"7011"
"7000000000130";7852;6576;5055;4779;0;0;2427;0;0;0;2352;0;0;0;"70";"13";"7013"
"7000000000140";7852;5541;3909;3741;0;0;0;1603;662;0;1476;0;0;0;"70";"14";"7014"
"7000000000170";7852;3955;3158;3035;0;0;1489;0;0;0;0;1546;0;0;"70";"17";"7017"
"7000000000180";7852;2826;2141;2028;0;0;817;0;0;1211;0;0;0;0;"70";"18";"7018"
"7000000000290";7852;9399;6863;6581;0;0;3090;0;0;3491;0;0;0;0;"70";"29";"7029"
"7000000000300";7852;5825;3926;3694;0;0;2261;0;0;0;1433;0;0;0;"70";"30";"7030"
"7000000000310";7852;5902;4534;4241;0;0;0;2191;0;0;0;2050;0;0;"70";"31";"7031"
"7000000000320";7852;6699;5131;4859;0;0;0;2692;0;0;2167;0;0;0;"70";"32";"7032"
"7100000000010";7852;8430;5770;5534;0;0;3031;0;0;0;0;2503;0;0;"71";"01";"7101"
"7100000000070";7852;14143;9255;8823;0;0;4733;0;0;0;0;4090;0;0;"71";"07";"7107"
"7100000000120";7852;6428;4493;4217;1838;0;0;0;0;2379;0;0;0;0;"71";"12";"7112"
"7100000000160";7852;4565;3347;3309;0;0;1694;0;0;0;1615;0;0;0;"71";"16";"7116"
"7100000000180";7852;3820;2964;2889;0;0;1085;0;0;1804;0;0;0;0;"71";"18";"7118"
"7100000000240";7852;3575;2517;2428;0;0;0;0;1217;0;1211;0;0;0;"71";"24";"7124"
"7100000000270";7852;9322;5481;5271;0;0;2609;0;0;0;2662;0;0;0;"71";"27";"7127"
"7100000000280";7852;5095;3360;3112;0;0;0;0;1919;0;1193;0;0;0;"71";"28";"7128"
"7100000000460";7852;4030;2806;2726;0;0;0;0;1383;1343;0;0;0;0;"71";"46";"7146"
"7100000000470";7852;5685;4012;3888;0;0;1912;0;0;0;0;1976;0;0;"71";"47";"7147"
"7100000000530";7852;11740;6903;6607;0;0;3348;0;0;0;3259;0;0;0;"71";"53";"7153"
"7100000000570";7852;14038;9284;8981;0;0;4297;0;0;0;4684;0;0;0;"71";"57";"7157"
"7200000000020";7852;5810;4534;4406;0;0;2007;0;0;0;2399;0;0;0;"72";"02";"7202"
"7200000000060";7852;5697;4408;4265;0;0;0;0;1836;2429;0;0;0;0;"72";"06";"7206"
"7200000000080";7852;6114;4763;4590;0;0;0;0;2024;2566;0;0;0;0;"72";"08";"7208"
"7200000000180";7852;8526;6213;6024;0;0;0;0;3011;0;3013;0;0;0;"72";"18";"7218"
"7200000000280";7852;8297;4730;3737;0;0;0;0;0;0;0;3737;0;0;"72";"28";"7228"
"7200000000340";7852;18109;11553;11209;0;0;4942;0;0;0;6267;0;0;0;"72";"34";"7234"
"7200000000370";7852;16024;10722;10243;0;0;5074;0;0;0;0;5169;0;0;"72";"37";"7237"
"7200000000400";7852;12445;7773;7432;4032;0;0;0;0;0;3400;0;0;0;"72";"40";"7240"
"7300000000030";7852;9318;5355;5135;0;0;1459;0;0;0;0;3676;0;0;"73";"03";"7303"
"7300000000090";7852;6066;3591;3486;0;0;0;0;1727;0;0;1759;0;0;"73";"09";"7309"
"7300000000110";7852;4959;3398;3300;1397;0;0;0;0;0;1903;0;0;0;"73";"11";"7311"
"7300000000120";7852;2806;2234;2183;0;0;1250;0;0;0;0;933;0;0;"73";"12";"7312"
"7300000000130";7852;3172;2400;2340;1113;0;0;0;0;0;1227;0;0;0;"73";"13";"7313"
"7300000000150";7852;4203;2669;2558;0;0;950;0;0;0;0;1608;0;0;"73";"15";"7315"
"7300000000210";7852;5169;3796;3723;1970;0;0;0;0;0;0;1753;0;0;"73";"21";"7321"
"7300000000260";7852;4666;3094;3036;0;0;1640;0;0;0;0;1396;0;0;"73";"26";"7326"
"7300000000300";7852;9816;6608;6466;2964;0;0;0;0;0;3502;0;0;0;"73";"30";"7330"
"7300000000310";7852;9680;5741;5587;0;0;2704;0;0;0;2883;0;0;0;"73";"31";"7331"
"7300000000320";7852;7782;4816;4647;0;0;0;0;2023;0;0;2624;0;0;"73";"32";"7332"
"7300000000350";7852;7173;4565;4447;0;0;0;0;2017;0;0;2430;0;0;"73";"35";"7335"
"7300000000370";7852;6888;4881;4810;0;0;0;0;2718;2092;0;0;0;0;"73";"37";"7337"
"7400000000050";7852;15399;7483;6868;0;0;0;0;0;0;2319;4549;0;0;"74";"05";"7405"
"7400000000100";7852;10613;6299;5960;0;0;0;0;0;0;0;5960;0;0;"74";"10";"7410"
"7400000000140";7852;6859;4511;4370;0;0;0;0;2762;0;1608;0;0;0;"74";"14";"7414"
"7400000000160";7852;6935;4972;4795;0;0;0;0;2539;2256;0;0;0;0;"74";"16";"7416"
"7400000000190";7852;9347;5648;4988;0;0;0;0;0;900;1258;2830;0;0;"74";"19";"7419"
"7400000000200";7852;4685;3238;3126;1431;0;0;0;0;0;0;1695;0;0;"74";"20";"7420"
"7400000000210";7852;12797;8109;7899;0;0;0;0;4620;0;3279;0;0;0;"74";"21";"7421"
"7400000000270";7852;26340;15659;14799;0;0;6503;0;0;8296;0;0;0;0;"74";"27";"7427"
"7400000000290";7852;19579;10001;9614;0;0;3918;0;0;5696;0;0;0;0;"74";"29";"7429"
"7600000000020";7852;5140;3836;3735;0;0;751;0;0;1727;0;1257;0;0;"76";"02";"7602"
"7600000000050";7852;7794;6347;6188;0;0;3022;0;0;3166;0;0;0;0;"76";"05";"7605"
"7600000000130";7852;15777;10324;9936;0;0;4401;0;0;5535;0;0;0;0;"76";"13";"7613"
"7600000000140";7852;13025;9495;8969;3799;0;0;0;0;0;5170;0;0;0;"76";"14";"7614"
"7600000000160";7852;15692;10982;10521;0;0;6140;0;0;0;4381;0;0;0;"76";"16";"7616"
"7600000000200";7852;4979;4076;3988;0;0;0;2183;0;0;0;1805;0;0;"76";"20";"7620"
"7600000000220";7852;3607;3141;3093;0;0;1448;0;0;0;1645;0;0;0;"76";"22";"7622"
"7600000000260";7852;17298;10279;9563;0;0;6182;0;0;3381;0;0;0;0;"76";"26";"7626"
"7600000000280";7852;4068;2274;2204;0;0;795;0;0;0;1409;0;0;0;"76";"28";"7628"
"7600000000300";7852;17060;6417;4261;4261;0;0;0;0;0;0;0;0;0;"76";"30";"7630"
"7600000000330";7852;17794;12275;11996;0;0;6345;0;0;0;0;5651;0;0;"76";"33";"7633"
"7600000000360";7852;16613;9669;9159;4927;0;0;0;0;0;4232;0;0;0;"76";"36";"7636"
"7600000000410";7852;18473;13604;13212;0;0;7121;0;0;0;6091;0;0;0;"76";"41";"7641"
"7600000000460";7852;9592;5284;5071;0;0;2280;0;0;2791;0;0;0;0;"76";"46";"7646"
"7600000000470";7852;11138;6064;5811;0;0;2723;0;0;3088;0;0;0;0;"76";"47";"7647"
"7600000000520";7852;7424;5944;5837;0;0;2729;0;0;3108;0;0;0;0;"76";"52";"7652"
"7600000000590";7852;14741;6869;6519;4051;0;0;0;0;2468;0;0;0;0;"76";"59";"7659"
"7600000000630";7852;12706;8575;8166;5335;0;0;0;0;0;2831;0;0;0;"76";"63";"7663"
"7600000000680";7852;8290;4815;4669;0;0;2011;0;0;2658;0;0;0;0;"76";"68";"7668"
"7600000000690";7852;15233;8404;7914;4831;0;0;0;0;0;3083;0;0;0;"76";"69";"7669"
"7600000000700";7852;14609;8880;8574;0;0;4135;0;0;4439;0;0;0;0;"76";"70";"7670"
"7700000000050";7852;7848;5601;5450;0;0;2322;0;0;0;0;3128;0;0;"77";"05";"7705"
"7700000000120";7852;12938;8855;8543;0;0;2930;0;0;0;4162;0;1451;0;"77";"12";"7712"
"7700000000140";7852;25180;15340;14869;0;0;4838;0;0;0;7959;0;2072;0;"77";"14";"7714"
"7700000000150";7852;8108;5545;5335;0;0;2016;0;0;3319;0;0;0;0;"77";"15";"7715"
"7700000000170";7852;19758;12792;12303;0;0;5603;0;0;0;6700;0;0;0;"77";"17";"7717"
"7700000000190";7852;11907;6759;6514;0;0;1832;0;0;4682;0;0;0;0;"77";"19";"7719"
"7700000000200";7852;18400;12603;11997;0;0;5912;0;0;0;6085;0;0;0;"77";"20";"7720"
"7700000000210";7852;18115;12296;10840;0;0;4382;0;0;0;0;6458;0;0;"77";"21";"7721"
"7700000000220";7852;10153;7092;6846;0;0;0;3815;0;0;3031;0;0;0;"77";"22";"7722"
"7700000000240";7852;16218;10228;9689;0;0;4221;0;0;0;5468;0;0;0;"77";"24";"7724"
"7700000000250";7852;12610;8170;7725;3599;0;0;0;0;0;4126;0;0;0;"77";"25";"7725"
"7700000000270";7852;11277;7239;6873;0;0;2368;0;0;0;4505;0;0;0;"77";"27";"7727"
"7700000000330";7852;17092;10261;9915;0;0;5416;0;0;0;4499;0;0;0;"77";"33";"7733"
"7700000000340";7852;25643;15248;14495;0;0;6924;0;0;0;7571;0;0;0;"77";"34";"7734"
"7700000000350";7852;8844;5429;5160;0;0;2517;0;0;0;2643;0;0;0;"77";"35";"7735"
"7700000000360";7852;17540;6858;3945;0;0;3945;0;0;0;0;0;0;0;"77";"36";"7736"
"7700000000380";7852;10101;6162;5906;3095;0;0;0;0;2811;0;0;0;0;"77";"38";"7738"
"7700000000390";7852;7346;4321;4126;0;0;2286;0;0;0;1840;0;0;0;"77";"39";"7739"
"7700000000400";7852;11023;6888;6581;0;0;4065;0;0;0;2516;0;0;0;"77";"40";"7740"
"7800000000010";7852;17000;9950;9541;0;0;3769;0;0;0;5760;0;12;0;"78";"01";"7801"
"7800000000060";7852;19555;11876;11366;0;0;5789;0;0;0;5577;0;0;0;"78";"06";"7806"
"7800000000070";7852;9919;6193;5928;0;0;1817;0;0;0;0;4100;11;0;"78";"07";"7807"
"7800000000100";7852;18069;11936;11438;0;0;4250;0;0;0;0;7188;0;0;"78";"10";"7810"
"7800000000190";7852;10379;7352;7095;0;0;3244;0;0;3851;0;0;0;0;"78";"19";"7819"
"7800000000230";7852;25768;15445;14784;6495;0;0;0;0;8289;0;0;0;0;"78";"23";"7823"
"7800000000360";7852;23965;13831;13132;5064;0;0;0;0;0;0;8068;0;0;"78";"36";"7836"
"7800000000380";7852;22144;13340;12796;0;0;6093;0;0;6703;0;0;0;0;"78";"38";"7838"
"7800000000390";7852;12555;7269;6994;0;0;2640;0;0;4354;0;0;0;0;"78";"39";"7839"
"7900000000210";7852;16205;10009;9691;0;0;4554;0;0;5137;0;0;0;0;"79";"21";"7921"
"7900000000310";7852;8471;5454;5267;0;0;2194;0;0;0;0;3073;0;0;"79";"31";"7931"
"7900000000330";7852;13193;7667;7480;0;0;4018;0;0;0;3462;0;0;0;"79";"33";"7933"
"8000000000080";7852;8172;4880;4555;2367;0;0;0;0;0;0;2188;0;0;"80";"08";"8008"
"8000000000100";7852;15328;10184;9608;5113;0;0;0;0;0;4495;0;0;0;"80";"10";"8010"
"8000000000110";7852;8386;6780;6353;3492;0;0;0;0;0;2861;0;0;0;"80";"11";"8011"
"8000000000170";7852;5729;4477;4152;0;0;1673;0;0;0;0;2479;0;0;"80";"17";"8017"
"8000000000180";7852;13268;10332;9849;4766;0;0;0;0;5083;0;0;0;0;"80";"18";"8018"
"8000000000210";7852;9726;8024;7750;0;0;3739;0;0;4011;0;0;0;0;"80";"21";"8021"
"8000000000220";7852;9079;7770;7397;3600;0;0;0;0;0;0;3797;0;0;"80";"22";"8022"
"8000000000260";7852;6797;5360;5144;0;0;1714;0;0;2398;0;1032;0;0;"80";"26";"8026"
"8000000000270";7852;8302;5816;5578;0;0;2228;0;0;0;3350;0;0;0;"80";"27";"8027"
"8000000000300";7852;5626;4833;4722;0;0;2195;0;0;0;0;2527;0;0;"80";"30";"8030"
"8000000000360";7852;5786;4706;4509;2630;0;0;0;0;1879;0;0;0;0;"80";"36";"8036"
"8000000000380";7852;8657;7339;7156;0;0;3673;0;0;0;3483;0;0;0;"80";"38";"8038"
"8000000000390";7852;9082;6514;6189;0;0;2331;0;0;0;3858;0;0;0;"80";"39";"8039"
"8000000000410";7852;7300;5672;5406;0;0;2250;0;0;3156;0;0;0;0;"80";"41";"8041"
"8000000000420";7852;14416;9472;9132;0;0;3850;0;0;5282;0;0;0;0;"80";"42";"8042"
"8000000000440";7852;12677;7584;7219;0;0;2968;0;0;0;4251;0;0;0;"80";"44";"8044"
"8000000000450";7852;8863;5170;4795;0;0;2462;0;0;2333;0;0;0;0;"80";"45";"8045"
"8000000000460";7852;9104;7534;6825;3203;0;0;0;0;3622;0;0;0;0;"80";"46";"8046"
"8100000000020";7852;12643;8960;8537;0;0;3608;0;0;4929;0;0;0;0;"81";"02";"8102"
"8100000000070";7852;3066;2560;2455;0;0;1300;0;0;0;0;1155;0;0;"81";"07";"8107"
"8100000000130";7852;11514;9502;9087;0;0;4365;0;0;0;4722;0;0;0;"81";"13";"8113"
"8100000000140";7852;7156;5555;5283;0;0;2827;0;0;0;0;2456;0;0;"81";"14";"8114"
"8100000000180";7852;3277;2451;2282;0;0;886;1396;0;0;0;0;0;0;"81";"18";"8118"
"8100000000190";7852;11008;8542;8255;0;0;0;4584;0;0;3671;0;0;0;"81";"19";"8119"
"8100000000260";7852;5921;5279;5161;0;0;2692;0;0;0;0;2469;0;0;"81";"26";"8126"
"8100000000290";7852;2840;2305;2237;0;0;1224;0;0;0;0;1013;0;0;"81";"29";"8129"
"8100000000300";7852;2004;1656;1613;0;0;767;0;0;0;0;846;0;0;"81";"30";"8130"
"8100000000320";7852;2433;2107;2029;0;0;1119;0;0;0;910;0;0;0;"81";"32";"8132"
"8100000000370";7852;8874;5334;3339;0;0;3339;0;0;0;0;0;0;0;"81";"37";"8137"
"8100000000380";7852;15718;11091;10539;0;0;4473;0;0;0;6066;0;0;0;"81";"38";"8138"
"8100000000420";7852;8975;6634;6364;0;0;2736;0;0;0;0;3628;0;0;"81";"42";"8142"
"8100000000430";7852;7880;5682;5283;0;0;3045;0;0;0;2238;0;0;0;"81";"43";"8143"
"8200000000020";7852;5161;4216;4052;0;0;2089;0;0;0;1963;0;0;0;"82";"02";"8202"
"8200000000040";7852;4648;3391;3217;0;0;1434;0;0;1783;0;0;0;0;"82";"04";"8204"
"8200000000070";7852;7030;5044;4547;0;0;0;2579;0;1968;0;0;0;0;"82";"07";"8207"
"8200000000090";7852;4205;3273;3128;0;0;0;0;1635;1493;0;0;0;0;"82";"09";"8209"
"8200000000130";7852;2223;1602;1461;0;0;0;867;0;0;0;594;0;0;"82";"13";"8213"
"8200000000150";7852;9932;7033;6691;0;0;2954;0;0;3737;0;0;0;0;"82";"15";"8215"
"8200000000200";7852;4519;3479;3289;0;0;1520;0;0;1769;0;0;0;0;"82";"20";"8220"
"8200000000220";7852;6734;5115;4874;0;0;0;2918;0;1956;0;0;0;0;"82";"22";"8222"
"8200000000260";7852;5470;3895;3711;0;0;0;2003;0;0;1708;0;0;0;"82";"26";"8226"
"8300000000040";7852;5902;4956;4851;2322;0;0;0;0;2529;0;0;0;0;"83";"04";"8304"
"8300000000050";7852;11370;8136;7873;2354;0;0;0;0;0;0;4328;1191;0;"83";"05";"8305"
"8300000000060";7852;3741;2917;2829;0;0;1515;0;0;0;1314;0;0;0;"83";"06";"8306"
"8300000000150";7852;28804;20449;19912;0;0;7349;0;0;0;9393;0;3170;0;"83";"15";"8315"
"8300000000160";7852;8184;6807;6590;0;0;3781;0;0;0;2809;0;0;0;"83";"16";"8316"
"8300000000170";7852;9073;7133;6858;0;0;4013;0;0;2845;0;0;0;0;"83";"17";"8317"
"8300000000180";7852;23274;15658;15307;0;0;5315;0;0;6676;0;0;3316;0;"83";"18";"8318"
"8300000000210";7852;9754;7659;7429;0;0;3461;0;0;0;3243;0;725;0;"83";"21";"8321"
"8300000000220";7852;12658;9225;9052;0;0;3034;0;0;4926;0;0;1092;0;"83";"22";"8322"
"8300000000240";7852;26249;18329;17693;8844;0;0;0;0;8849;0;0;0;0;"83";"24";"8324"
"8300000000260";7852;2394;1929;1885;0;0;602;0;0;0;621;662;0;0;"83";"26";"8326"
"8300000000280";7852;16927;10359;10026;3167;0;0;0;0;3991;0;0;2868;0;"83";"28";"8328"
"8300000000310";7852;7857;4009;3702;0;0;0;0;0;2299;0;0;1403;0;"83";"31";"8331"
"8300000000350";7852;9866;5949;5768;0;0;1607;0;0;2794;0;0;1367;0;"83";"35";"8335"
"8300000000370";7852;10999;8466;8248;0;0;4238;0;0;0;0;4010;0;0;"83";"37";"8337"
"8300000000390";7852;19495;12649;12275;0;0;2861;0;0;0;6743;0;2671;0;"83";"39";"8339"
"8300000000400";7852;19133;11777;10141;0;0;0;0;0;0;0;5835;4306;0;"83";"40";"8340"
"8300000000410";7852;33016;22667;21927;7393;0;0;0;0;0;9040;0;5494;0;"83";"41";"8341"
"8400000000010";7852;13506;9560;9001;0;0;5142;0;0;0;0;0;3859;0;"84";"01";"8401"
"8400000000030";7852;15224;9566;8874;0;0;5212;0;0;0;0;0;3662;0;"84";"03";"8403"
"8400000000040";7852;3220;2829;2707;1517;0;0;0;0;0;1190;0;0;0;"84";"04";"8404"
"8400000000050";7852;20167;15496;14828;6918;0;0;0;0;0;7910;0;0;0;"84";"05";"8405"
"8400000000070";7852;3085;2301;2209;0;0;1402;0;0;807;0;0;0;0;"84";"07";"8407"
"8400000000080";7852;8911;6910;6698;0;0;3804;0;0;0;2818;0;76;0;"84";"08";"8408"
"8400000000090";7852;16189;10818;10284;0;0;3848;0;0;6264;0;0;172;0;"84";"09";"8409"
"8400000000130";7852;19105;15042;14522;0;0;7811;0;0;0;0;6711;0;0;"84";"13";"8413"
"8400000000140";7852;2911;2470;2368;0;0;1328;0;0;0;1040;0;0;0;"84";"14";"8414"
"8400000000150";7852;4977;4206;4097;0;0;1085;0;0;0;0;3012;0;0;"84";"15";"8415"
"8400000000160";7852;15610;10515;9971;0;0;3208;0;0;0;4948;0;1815;0;"84";"16";"8416"
"8400000000230";7852;18789;12568;11811;0;0;5628;0;0;0;6179;0;4;0;"84";"23";"8423"
"8500000000050";7852;11994;8114;7700;0;0;0;0;0;4124;0;3576;0;0;"85";"05";"8505"
"8500000000080";7852;14608;9572;9109;0;0;0;0;0;0;4572;4537;0;0;"85";"08";"8508"
"8500000000090";7852;6246;4998;4887;0;0;0;0;2275;2612;0;0;0;0;"85";"09";"8509"
"8500000000100";7852;3687;2541;2485;0;0;0;0;292;891;0;1302;0;0;"85";"10";"8510"
"8500000000230";7852;18234;13146;12814;0;0;5826;0;0;6988;0;0;0;0;"85";"23";"8523"
"8500000000240";7852;26763;17906;17261;0;0;0;7375;0;0;9886;0;0;0;"85";"24";"8524"
"8600000000050";7852;7272;5546;5406;0;0;2951;0;0;0;2455;0;0;0;"86";"05";"8605"
"8600000000100";7852;3574;2761;2667;0;0;1173;0;0;0;0;1494;0;0;"86";"10";"8610"
"8600000000130";7852;7946;5763;5544;0;0;0;0;2401;3143;0;0;0;0;"86";"13";"8613"
"8600000000140";7852;6585;4935;4725;2123;0;0;0;0;0;0;2602;0;0;"86";"14";"8614"
"8600000000150";7852;4864;3886;3788;0;0;1945;0;0;0;1843;0;0;0;"86";"15";"8615"
"8600000000190";7852;8792;6606;6382;0;0;3321;0;0;3061;0;0;0;0;"86";"19";"8619"
"8600000000300";7852;8815;6245;5971;0;0;2073;0;0;0;3898;0;0;0;"86";"30";"8630"
"8600000000320";7852;10433;4670;3016;3016;0;0;0;0;0;0;0;0;0;"86";"32";"8632"
"8600000000380";7852;9909;6583;6250;0;0;3546;0;0;2704;0;0;0;0;"86";"38";"8638"
"8700000000010";7852;11279;8192;7643;0;0;4533;0;0;0;3110;0;0;0;"87";"01";"8701"
"8700000000020";7852;9564;6940;6382;0;0;3602;0;0;0;2780;0;0;0;"87";"02";"8702"
"8700000000030";7852;6149;4960;4742;2277;0;0;0;0;0;0;2465;0;0;"87";"03";"8703"
"8700000000070";7852;3958;3176;3031;0;0;1555;0;0;0;1476;0;0;0;"87";"07";"8707"
"8700000000090";7852;6203;4623;4330;2301;1227;0;0;0;0;802;0;0;0;"87";"09";"8709"
"8700000000120";7852;5603;3564;3391;0;0;1757;0;0;0;1634;0;0;0;"87";"12";"8712"
"8700000000140";7852;5699;3292;2943;0;0;1813;0;0;0;1130;0;0;0;"87";"14";"8714"
"8700000000150";7852;3911;2907;2805;1842;0;0;0;0;0;963;0;0;0;"87";"15";"8715"
"8700000000180";7852;5657;4110;3764;0;0;2373;0;0;0;1391;0;0;0;"87";"18";"8718"
"8700000000240";7852;7850;5739;5438;3267;0;0;0;0;0;2171;0;0;0;"87";"24";"8724"
"8700000000250";7852;3500;2817;2717;0;0;537;0;815;0;0;1365;0;0;"87";"25";"8725"
"8700000000260";7852;7920;5704;5160;0;0;3530;0;0;0;1630;0;0;0;"87";"26";"8726"
"8700000000300";7852;9659;6075;5785;0;0;2231;0;0;0;3554;0;0;0;"87";"30";"8730"
"8700000000310";7852;7944;5249;4832;0;0;2850;0;0;0;1982;0;0;0;"87";"31";"8731"
"8700000000330";7852;6228;4458;4211;0;0;2163;0;0;2048;0;0;0;0;"87";"33";"8733"
"8700000000350";7852;8616;5622;5199;0;0;3470;0;0;0;1729;0;0;0;"87";"35";"8735"
"8700000000370";7852;11885;8542;7949;0;0;4404;0;0;0;3545;0;0;0;"87";"37";"8737"
"8700000000400";7852;6763;4589;4360;0;0;2336;0;0;2024;0;0;0;0;"87";"40";"8740"
"8700000000420";7852;5641;3379;3093;0;0;1848;0;0;1245;0;0;0;0;"87";"42";"8742"
"8800000000020";7852;1797;1478;1419;0;0;0;0;421;0;0;998;0;0;"88";"02";"8802"
"8800000000060";7852;13345;9290;8889;4763;0;0;0;0;0;0;4126;0;0;"88";"06";"8806"
"8800000000120";7852;18027;10978;10365;0;0;4450;0;0;5915;0;0;0;0;"88";"12";"8812"
"8800000000130";7852;9067;6161;5700;3172;0;0;0;0;0;0;2528;0;0;"88";"13";"8813"
"8800000000140";7852;7463;5429;5266;2605;0;0;0;0;0;2661;0;0;0;"88";"14";"8814"
"8800000000160";7852;8537;6291;5967;0;0;2900;0;0;0;3067;0;0;0;"88";"16";"8816"
"8800000000240";7852;13082;9037;8662;0;0;4590;0;0;0;4072;0;0;0;"88";"24";"8824"
"8800000000290";7852;7593;5003;4621;0;0;0;0;0;0;0;4621;0;0;"88";"29";"8829"
"8900000000030";7852;8511;4949;4746;0;0;1810;0;0;2936;0;0;0;0;"89";"03";"8903"
"8900000000050";7852;7891;5670;5529;0;0;2834;0;0;0;0;2695;0;0;"89";"05";"8905"
"8900000000080";7852;2122;1544;1434;0;0;0;0;0;572;862;0;0;0;"89";"08";"8908"
"8900000000140";7852;2309;1640;1482;0;0;0;0;0;1482;0;0;0;0;"89";"14";"8914"
"8900000000160";7852;3432;2340;2066;0;0;0;0;0;0;1385;681;0;0;"89";"16";"8916"
"8900000000220";7852;8582;6429;6219;0;0;3459;0;0;0;2760;0;0;0;"89";"22";"8922"
"8900000000250";7852;5180;3658;3484;0;0;1592;0;0;1892;0;0;0;0;"89";"25";"8925"
"8900000000280";7852;6760;4499;4276;0;0;2267;0;0;0;2009;0;0;0;"89";"28";"8928"
"8900000000310";7852;4526;3142;2984;0;0;906;0;0;0;0;2078;0;0;"89";"31";"8931"
"8900000000340";7852;3955;2896;2699;1211;0;0;0;0;0;1488;0;0;0;"89";"34";"8934"
"8900000000350";7852;3902;2759;2664;0;0;1231;0;0;0;0;1433;0;0;"89";"35";"8935"
"8900000000400";7852;9452;5893;5596;2938;0;0;0;0;0;2658;0;0;0;"89";"40";"8940"
"9000000000010";7852;5702;3970;3802;0;0;1631;0;0;2171;0;0;0;0;"90";"01";"9001"
"9000000000060";7852;6170;4805;4614;0;0;2454;0;0;0;2160;0;0;0;"90";"06";"9006"
"9000000000070";7852;6832;4438;4208;0;0;1637;0;0;2571;0;0;0;0;"90";"07";"9007"
"9000000000080";7852;5602;3946;3738;0;0;1986;0;0;1752;0;0;0;0;"90";"08";"9008"
"9000000000090";7852;4135;2813;2670;0;0;1469;0;0;0;1201;0;0;0;"90";"09";"9009"
"9000000000100";7852;6179;4717;4516;0;0;2377;0;0;0;2139;0;0;0;"90";"10";"9010"
"9000000000110";7852;5843;4700;4510;0;0;2153;0;0;0;2357;0;0;0;"90";"11";"9011"
"9000000000150";7852;3163;2354;2257;0;0;1174;0;0;0;1083;0;0;0;"90";"15";"9015"
"9100000000010";7852;18338;11963;11463;4787;0;0;0;0;0;0;6676;0;0;"91";"01";"9101"
"9100000000020";7852;21043;12346;11708;0;0;4569;0;0;0;7139;0;0;0;"91";"02";"9102"
"9100000000050";7852;14927;8637;8298;0;0;2947;0;0;0;5351;0;0;0;"91";"05";"9105"
"9100000000060";7852;11243;7090;6832;3842;0;0;0;0;0;0;2990;0;0;"91";"06";"9106"
"9100000000070";7852;8128;6045;5886;0;0;3098;0;0;0;2788;0;0;0;"91";"07";"9107"
"9100000000090";7852;11322;7319;7002;0;0;2568;0;0;4434;0;0;0;0;"91";"09";"9109"
"9100000000100";7852;13676;8622;8186;0;0;3736;0;0;0;0;4450;0;0;"91";"10";"9110"
"9100000000150";7852;10341;5749;5453;0;0;2865;0;0;0;2588;0;0;0;"91";"15";"9115"
"9100000000170";7852;8288;6324;6091;2645;0;0;0;0;3446;0;0;0;0;"91";"17";"9117"
"9100000000180";7852;7869;5749;5558;0;0;1214;0;0;0;2380;1964;0;0;"91";"18";"9118"
"9100000000200";7852;14791;9325;8907;0;0;3477;0;0;0;0;5430;0;0;"91";"20";"9120"
"9100000000210";7852;14954;9870;9590;0;0;4569;0;0;0;0;5021;0;0;"91";"21";"9121"
"9100000000250";7852;17423;7726;4850;4850;0;0;0;0;0;0;0;0;0;"91";"25";"9125"
"9100000000280";7852;18975;11911;10962;0;0;4497;0;0;0;0;6465;0;0;"91";"28";"9128"
"9100000000310";7852;14367;8386;8027;4219;0;0;0;0;0;3808;0;0;0;"91";"31";"9131"
"9100000000340";7852;14676;8504;8003;3657;0;0;0;0;0;4346;0;0;0;"91";"34";"9134"
"9100000000380";7852;12761;8655;8142;0;0;3442;0;0;0;4700;0;0;0;"91";"38";"9138"
"9100000000390";7852;11439;6928;6682;0;0;3183;0;0;0;3499;0;0;0;"91";"39";"9139"
"9100000000400";7852;10460;5494;5192;2822;0;0;0;0;0;2370;0;0;0;"91";"40";"9140"
"9100000000410";7852;13549;8561;8318;0;0;4121;0;0;4197;0;0;0;0;"91";"41";"9141"
"9100000000420";7852;13329;7559;7285;0;0;3802;0;0;0;3483;0;0;0;"91";"42";"9142"
"9100000000430";7852;12015;6378;6043;0;0;3355;0;0;0;2688;0;0;0;"91";"43";"9143"
"9200000000020";7852;23582;12022;11496;0;0;4065;0;0;0;7417;0;14;0;"92";"02";"9202"
"9200000000100";7852;14783;9533;9129;0;0;3803;0;0;0;5326;0;0;0;"92";"10";"9210"
"9200000000140";7852;12562;7461;7110;3995;0;0;0;0;0;3115;0;0;0;"92";"14";"9214"
"9200000000170";7852;16160;9391;8957;0;0;3268;0;0;5689;0;0;0;0;"92";"17";"9217"
"9200000000190";7852;14079;7986;7782;0;0;2067;0;0;0;2222;3493;0;0;"92";"19";"9219"
"9200000000200";7852;10902;6240;5968;3801;0;0;0;0;0;2167;0;0;0;"92";"20";"9220"
"9200000000210";7852;15459;8864;8587;0;0;3061;0;0;0;5526;0;0;0;"92";"21";"9221"
"9200000000230";7852;19510;12287;11796;5075;0;0;0;0;0;6721;0;0;0;"92";"23";"9223"
"9200000000260";7852;26673;14960;14156;0;0;5855;0;0;8301;0;0;0;0;"92";"26";"9226"
"9200000000290";7852;8172;3443;2248;2248;0;0;0;0;0;0;0;0;0;"92";"29";"9229"
"9200000000320";7852;26755;15445;14798;7935;0;0;0;0;0;6863;0;0;0;"92";"32";"9232"
"9200000000360";7852;15475;8972;8627;0;0;2490;0;0;6137;0;0;0;0;"92";"36";"9236"
"9200000000390";7852;15649;8953;8637;0;0;3407;0;0;5230;0;0;0;0;"92";"39";"9239"
"9200000000410";7852;15283;9192;8924;0;0;4487;0;0;0;4437;0;0;0;"92";"41";"9241"
"9200000000420";7852;14345;7967;7587;4378;0;0;0;0;0;3209;0;0;0;"92";"42";"9242"
"9200000000440";7852;9296;5084;4827;3307;0;0;0;0;1519;0;0;1;0;"92";"44";"9244"
"9200000000450";7852;15148;9368;9048;4636;0;0;0;0;0;0;4412;0;0;"92";"45";"9245"
"9300000000010";7852;18670;9627;9267;5644;0;0;0;0;0;3623;0;0;0;"93";"01";"9301"
"9300000000030";7852;23138;12854;12276;5905;0;0;0;0;0;6322;0;49;0;"93";"03";"9303"
"9300000000100";7852;16282;8300;7898;4871;0;0;0;0;0;0;3027;0;0;"93";"10";"9310"
"9300000000110";7852;20483;10606;10113;6023;0;0;0;0;0;4090;0;0;0;"93";"11";"9311"
"9300000000120";7852;24559;14299;13724;0;0;7451;0;0;0;6273;0;0;0;"93";"12";"9312"
"9300000000130";7852;22107;13077;12458;5022;0;0;0;0;0;7436;0;0;0;"93";"13";"9313"
"9300000000150";7852;16952;10362;9809;0;0;4157;0;0;5652;0;0;0;0;"93";"15";"9315"
"9300000000170";7852;14776;8119;7770;3703;0;0;0;0;0;0;4067;0;0;"93";"17";"9317"
"9300000000190";7852;24828;15088;14424;0;0;6990;0;0;0;7434;0;0;0;"93";"19";"9319"
"9300000000220";7852;11188;6399;6132;0;0;2526;0;0;0;3606;0;0;0;"93";"22";"9322"
"9300000000230";7852;18332;11432;11030;0;0;5531;0;0;0;5499;0;0;0;"93";"23";"9323"
"9300000000240";7852;20193;10930;10423;3591;0;0;0;0;6832;0;0;0;0;"93";"24";"9324"
"9300000000250";7852;14566;7602;7255;4361;0;0;0;0;0;2894;0;0;0;"93";"25";"9325"
"9300000000260";7852;20775;12431;11891;5120;0;0;0;0;0;0;6771;0;0;"93";"26";"9326"
"9300000000280";7852;13302;6842;6513;3687;0;0;0;0;2826;0;0;0;0;"93";"28";"9328"
"9300000000300";7852;12091;6748;6376;3312;0;0;0;0;0;0;3064;0;0;"93";"30";"9330"
"9300000000310";7852;20574;11701;11098;5767;0;0;0;0;0;5331;0;0;0;"93";"31";"9331"
"9300000000380";7852;9267;5495;5220;2303;0;0;0;0;0;2917;0;0;0;"93";"38";"9338"
"9300000000390";7852;16104;9269;8830;4959;0;0;0;0;0;3871;0;0;0;"93";"39";"9339"
"9300000000400";7852;12680;7542;7124;0;0;3702;0;0;0;3422;0;0;0;"93";"40";"9340"
"9400000000020";7852;14572;9316;8962;0;0;4143;0;0;0;4819;0;0;0;"94";"02";"9402"
"9400000000050";7852;13167;8431;8144;0;0;4670;0;0;3474;0;0;0;0;"94";"05";"9405"
"9400000000080";7852;8645;3814;3037;0;0;0;0;0;0;0;3037;0;0;"94";"08";"9408"
"9400000000090";7852;19275;12446;11769;6219;0;0;0;0;0;5550;0;0;0;"94";"09";"9409"
"9400000000230";7852;19694;12016;11497;0;0;3236;0;0;8261;0;0;0;0;"94";"23";"9423"
"9400000000240";7852;15711;9385;9152;0;0;2740;0;0;4266;0;2146;0;0;"94";"24";"9424"
"9400000000250";7852;13263;8279;7952;0;0;3087;0;0;0;4865;0;0;0;"94";"25";"9425"
"9400000000270";7852;13291;7840;7499;4814;0;0;0;0;2685;0;0;0;0;"94";"27";"9427"
"9400000000290";7852;11271;7096;6593;3034;0;0;0;0;0;0;3559;0;0;"94";"29";"9429"
"9400000000340";7852;16999;10494;9954;6598;0;0;0;0;3356;0;0;0;0;"94";"34";"9434"
"9400000000360";7852;14340;8823;8517;0;0;4974;0;0;0;3543;0;0;0;"94";"36";"9436"
"9400000000410";7852;14180;8200;7910;4279;0;0;0;0;3631;0;0;0;0;"94";"41";"9441"
"9400000000420";7852;11353;7159;6958;4128;0;0;0;0;0;2830;0;0;0;"94";"42";"9442"
"9400000000430";7852;13232;7706;7401;0;0;3923;0;0;3478;0;0;0;0;"94";"43";"9443"
"9400000000450";7852;12057;7285;7020;0;0;1830;0;0;0;0;5190;0;0;"94";"45";"9445"
"9400000000470";7852;10670;6537;6249;3595;0;0;0;0;0;2654;0;0;0;"94";"47";"9447"
"9400000000480";7852;13501;8160;7844;5151;0;0;0;0;0;2693;0;0;0;"94";"48";"9448"
"9400000000490";7852;14348;8831;8459;5171;0;0;0;0;3288;0;0;0;0;"94";"49";"9449"
"9500000000010";7852;13847;7453;7105;3962;0;0;0;0;0;0;3143;0;0;"95";"01";"9501"
"9500000000030";7852;15469;10077;9546;5077;0;0;0;0;0;4469;0;0;0;"95";"03";"9503"
"9500000000070";7852;15884;8849;8534;0;0;2960;0;0;5574;0;0;0;0;"95";"07";"9507"
"9500000000080";7852;13960;8557;8266;0;0;3269;0;0;4997;0;0;0;0;"95";"08";"9508"
"9500000000130";7852;15582;9040;8672;0;0;3182;0;0;0;0;5490;0;0;"95";"13";"9513"
"9500000000170";7852;6126;4255;3990;0;0;1338;0;0;2652;0;0;0;0;"95";"17";"9517"
"9500000000180";7852;15929;9363;9080;0;0;3049;0;0;0;6031;0;0;0;"95";"18";"9518"
"9500000000210";7852;12282;7165;6856;0;0;3284;0;0;0;3572;0;0;0;"95";"21";"9521"
"9500000000220";7852;13106;7198;6867;0;0;2753;0;0;4114;0;0;0;0;"95";"22";"9522"
"9500000000230";7852;12601;6739;6384;3211;0;0;0;0;3173;0;0;0;0;"95";"23";"9523"
"9500000000280";7852;12756;7807;7569;2469;0;0;0;0;0;0;5100;0;0;"95";"28";"9528"
"9500000000310";7852;14301;8919;8521;0;0;3253;0;0;5268;0;0;0;0;"95";"31";"9531"
"9500000000330";7852;14557;7359;7038;0;0;3399;0;0;0;0;3639;0;0;"95";"33";"9533"
"9500000000360";7852;17147;9005;8590;4649;0;0;0;0;3941;0;0;0;0;"95";"36";"9536"
"9500000000370";7852;13837;7731;7353;0;0;3686;0;0;0;3667;0;0;0;"95";"37";"9537"
"9500000000380";7852;9081;4382;4153;1826;0;0;0;0;0;0;2327;0;0;"95";"38";"9538"
"9500000000400";7852;13271;7576;7144;0;0;2785;0;0;4359;0;0;0;0;"95";"40";"9540"
"9600000000030";7852;5268;3328;3110;0;0;0;1708;0;0;0;1402;0;0;"96";"03";"9603"
"9600000000050";7852;4160;3576;3494;0;0;0;1579;0;1915;0;0;0;0;"96";"05";"9605"
"9600000000090";7852;3321;2745;2586;0;0;1541;0;0;0;1045;0;0;0;"96";"09";"9609"
"9600000000100";7852;4777;3753;3714;0;0;0;1904;0;0;1810;0;0;0;"96";"10";"9610"
"9600000000140";7852;3697;3070;3033;0;0;0;1648;0;0;1385;0;0;0;"96";"14";"9614"
"9600000000160";7852;4612;3481;3438;0;0;0;1498;0;1940;0;0;0;0;"96";"16";"9616"
"9600000000170";7852;4139;2845;2695;0;0;0;1303;0;1392;0;0;0;0;"96";"17";"9617"
"9600000000200";7852;3885;3362;3296;0;0;0;1634;0;0;1662;0;0;0;"96";"20";"9620"
"9600000000250";7852;4261;2711;2399;0;0;0;1604;0;0;795;0;0;0;"96";"25";"9625"
"9600000000290";7852;3477;2997;2918;0;0;0;1535;0;0;1383;0;0;0;"96";"29";"9629"
"9600000000410";7852;5268;3434;3348;0;0;0;2038;0;0;1310;0;0;0;"96";"41";"9641"
"9600000000420";7852;3364;2486;2380;0;0;0;1386;434;0;560;0;0;0;"96";"42";"9642"
"9600000000670";7852;1744;747;633;0;0;0;633;0;0;0;0;0;0;"96";"67";"9667"
